Data_Hora,IdTweet,Tweet,Candidato,tweet_limpo
2022-07-30 21:56:23+00:00,1553499774732599312,@LulaOficial Sabemos o que fez no verÃ£o passado. https://t.co/Nk7ZWYjvyv,Lula, sabemos o que fez no verÃ£o passado. 
2022-07-30 21:56:23+00:00,1553499773126180865,@LuisDerieul Mentiroso. Lula tÃ¡ aqui no CearÃ¡ hoje o lanÃ§amento da candidatura do Elmano ao governo estadual. Quem nÃ£o ganha eleiÃ§Ã£o no voto quer ganhar na base de fake news.,Lula, mentiroso. lula tÃ¡ aqui no cearÃ¡ hoje o lanÃ§amento da candidatura do elmano ao governo estadual. quem nÃ£o ganha eleiÃ§Ã£o no voto quer ganhar na base de fake news.
2022-07-30 21:56:22+00:00,1553499770773245952,@senadorhumberto @LulaOficial SÃ³ se vÃª grama...atÃ© os jumentos se evadiram.ğŸ¤”ğŸ¤«ğŸ¤£,Lula,  sÃ³ se vÃª grama...atÃ© os jumentos se evadiram.ğŸ¤”ğŸ¤«ğŸ¤£
2022-07-30 21:56:22+00:00,1553499770378928134,"@SF_Moro Tu tÃ¡ com o Lula Marreco, para de show!",Lula," tu tÃ¡ com o lula marreco, para de show!"
2022-07-30 21:56:21+00:00,1553499766763536384,@LulaOficial @ricardostuckert Duvido que tenham ido de graÃ§a...,Lula,  duvido que tenham ido de graÃ§a...
2022-07-30 21:56:19+00:00,1553499759289241600,Eu quero Ã© maisâ€¦ eu quero Ã© @LulaOficial lÃ¡ e o povo lÃ¡!,Lula,eu quero Ã© maisâ€¦ eu quero Ã©  lÃ¡ e o povo lÃ¡!
2022-07-30 21:56:19+00:00,1553499757506695169,"@brunnosarttori VocÃª fala isso, mas daÃ­ o Lula dÃ¡ um carguinho pra ele e vocÃª vai dizer que Ã© a polÃ­tica e nÃ£o sei o quÃª. Engana ninguÃ©m com esse papinho",Lula," vocÃª fala isso, mas daÃ­ o lula dÃ¡ um carguinho pra ele e vocÃª vai dizer que Ã© a polÃ­tica e nÃ£o sei o quÃª. engana ninguÃ©m com esse papinho"
2022-07-30 21:56:19+00:00,1553499756944556034,"@LucianoHangBr Ã‰ LULA PRESIDENTE 
#ForaBolsonaroeSuaQuadrilha 
#ForaBolsonaroVagabundo 
#bolsonaromentiroso 
#BolsonaroNaCadeia https://t.co/LwfEZpCSym",Lula, Ã© lula presidente     
2022-07-30 21:56:17+00:00,1553499750011326466,@LulaOficial @ricardostuckert Pra roubar novamente?,Lula,  pra roubar novamente?
2022-07-30 21:56:17+00:00,1553499749189287944,"@Pedro00665912 @LulaOficial @ricardostuckert Toma vergonha nessa cara. 

#SouLula",Lula,   toma vergonha nessa cara. 
2022-07-30 21:56:16+00:00,1553499746798534656,@LulaOficial HipÃ³crita.,Lula, hipÃ³crita.
2022-07-30 21:56:16+00:00,1553499743812214793,"@Elizabe94100408 @fern4ndin83 @eufelixjr @LulaOficial E tu sabe de quÃª, vaca atolada.
TÃ¡ com raivinha pq o rei da boiada vai deixar o pasto?
Choraaaa boiada . Lulinha vem aÃ­ https://t.co/12ABBdGCXV",Lula,"    e tu sabe de quÃª, vaca atolada.tÃ¡ com raivinha pq o rei da boiada vai deixar o pasto?choraaaa boiada . lulinha vem aÃ­ "
2022-07-30 21:56:15+00:00,1553499741639548928,@drsrmateus @genesissergio @AugustoNPistola @LulaOficial Kkkkkkk irmÃ£o tu sÃ³ pode tÃ¡ de sacanagem nÃ© kkkkkk,Lula,    kkkkkkk irmÃ£o tu sÃ³ pode tÃ¡ de sacanagem nÃ© kkkkkk
2022-07-30 21:56:15+00:00,1553499741362716676,"@JornalOGlobo Notem: atÃ© o momento, o discurso do Lula Ã© 100% voltado contra o Bolsonaro. 
Enquanto isso, boa parte dos bolsonaristas perdem o seu tempo atacando o..... Moro (traÃ­ra, marreco e outras asneiras).
Que bela bosta de estratÃ©gia eleitoral ğŸ‘Œ",Lula," notem: atÃ© o momento, o discurso do lula Ã© 100% voltado contra o bolsonaro. enquanto isso, boa parte dos bolsonaristas perdem o seu tempo atacando o..... moro (traÃ­ra, marreco e outras asneiras).que bela bosta de estratÃ©gia eleitoral ğŸ‘Œ"
2022-07-30 21:56:15+00:00,1553499739819229184,@CamiloSantanaCE @ricardostuckert @LulaOficial @elmanofreitaspt https://t.co/wEnl0OCBUT,Lula,    
2022-07-30 21:56:14+00:00,1553499737566887937,"@Fernanda217912 @jasonptodd @SF_Moro Poderia ter vazado tudo, inclusive a recusa do Lula",Lula,"   poderia ter vazado tudo, inclusive a recusa do lula"
2022-07-30 21:56:14+00:00,1553499736564457472,e vc ta fazendo oq no perfil do lula sua obcecada https://t.co/HoEGL9Na2S,Lula,e vc ta fazendo oq no perfil do lula sua obcecada 
2022-07-30 21:56:14+00:00,1553499736317067266,@LulaOficial @elmanofreitaspt https://t.co/NmuCDujWlx,Lula,  
2022-07-30 21:56:14+00:00,1553499734559670272,"@gleisi @LulaOficial @CamiloSantanaCE @elmanofreitaspt Isso mesmo, trancafiado, no cercadinho, Tudo controlado e cheio de militante Ã  base de mortadela. Pois na rua quem manda Ã© o Bolsonaro.",Lula,"    isso mesmo, trancafiado, no cercadinho, tudo controlado e cheio de militante Ã  base de mortadela. pois na rua quem manda Ã© o bolsonaro."
2022-07-30 21:56:13+00:00,1553499733053808647,@Jacquefelizjf @MrcioMoreno3 @MarceloFreixo @LulaOficial @geraldoalckmin @cesarmaia (à¸‡ Í Â° ÍŸÙ„Íœ Í¡Â°)à¸‡ https://t.co/yRv5LNCaPt,Lula,      (à¸‡ Í Â° ÍŸÙ„Íœ Í¡Â°)à¸‡ 
2022-07-30 21:56:12+00:00,1553499730331766786,@Pastore00749322 @ThiagoResiste @LulaOficial @STF_oficial @alexandre @gilmarmendes Kkkkkk esquerda imunda nunca mais.,Lula,      kkkkkk esquerda imunda nunca mais.
2022-07-30 21:56:12+00:00,1553499728318431243,"@LulaOficial @dilmabr Ã‰ MUITA CARA DE PAU, SAFADO!",Lula,"  Ã© muita cara de pau, safado!"
2022-07-30 21:56:12+00:00,1553499727370637312,"@EuGiovannaPaola @revistaoeste @LulaOficial Eu jÃ¡ vi os nÃºmeros divulgados, mas a realidade crua e nua nos mostra outro cenÃ¡rio. 
Bom, encerro essa conversa por aqui. Por enquanto, estamos em uma democracia e cada um vota em quem quiser. 
https://t.co/eBPKXQY0yA",Lula,"   eu jÃ¡ vi os nÃºmeros divulgados, mas a realidade crua e nua nos mostra outro cenÃ¡rio. bom, encerro essa conversa por aqui. por enquanto, estamos em uma democracia e cada um vota em quem quiser. "
2022-07-30 21:56:12+00:00,1553499726573703169,"@LulaOficial Aumentar o salÃ¡rio mÃ­nimo,  aumentar os impostos para os empresÃ¡rios? Mais demissÃµes por que vcs do PT sÃ³ sabem aumentar juros, criar e aumentar impostos!?
Cretinos!",Lula," aumentar o salÃ¡rio mÃ­nimo,  aumentar os impostos para os empresÃ¡rios? mais demissÃµes por que vcs do pt sÃ³ sabem aumentar juros, criar e aumentar impostos!?cretinos!"
2022-07-30 21:56:11+00:00,1553499723616722962,@JanainaDoBrasil Lula Presidente! #LulaNo1ÂºTurno,Lula, lula presidente! 
2022-07-30 21:56:11+00:00,1553499722991767552,"LULA PARA ""SEMPRE""!

Leia abaixo e entenda como. https://t.co/0QWk8Kg0sM",Lula,"lula para ""sempre""!leia abaixo e entenda como. "
2022-07-30 21:56:09+00:00,1553499716012462080,"@LulaOficial Pilantra, safado, mau carÃ¡ter.....jogou culpa das suas vagas em sua esposa depois de falecida",Lula," pilantra, safado, mau carÃ¡ter.....jogou culpa das suas vagas em sua esposa depois de falecida"
2022-07-30 21:56:09+00:00,1553499715756589057,@MarceloFreixo @LulaOficial @geraldoalckmin @cesarmaia https://t.co/wjdG4Jq8u4,Lula,    
2022-07-30 21:56:09+00:00,1553499714959572993,Toda vez que ouÃ§o o hino da campanha de Lula a esperanÃ§a renasce no meu coraÃ§Ã£o â¤ï¸â¤ï¸â¤ï¸,Lula,toda vez que ouÃ§o o hino da campanha de lula a esperanÃ§a renasce no meu coraÃ§Ã£o â¤ï¸â¤ï¸â¤ï¸
2022-07-30 21:56:08+00:00,1553499712854130689,"@gleisi @LulaOficial Faz 70 dias pata os brasileiros escurrassarem para fora do paÃ­s as amantes, os ladrÃµes e todos os vagabundos de vermelho. Anota aÃ­ r3tardada.",Lula,"  faz 70 dias pata os brasileiros escurrassarem para fora do paÃ­s as amantes, os ladrÃµes e todos os vagabundos de vermelho. anota aÃ­ r3tardada."
2022-07-30 21:56:08+00:00,1553499710819913728,"@RibaPt @Nilsonhandebol @LulaOficial Seguindo, sdv",Lula,"   seguindo, sdv"
2022-07-30 21:56:08+00:00,1553499710266265600,@rosangelamorosp @Metropoles @lilian_tahan @rosangelamorosp relaxa que eles tem que inventaram um apelido para diminuir a pessoa. Nao Ã© novidade a esquerda. SÃ³ lembrando que a Janja Ã© a Conja do Lula. E atÃ© rima.ğŸ¤£ğŸ¤£ğŸ¤£,Lula,    relaxa que eles tem que inventaram um apelido para diminuir a pessoa. nao Ã© novidade a esquerda. sÃ³ lembrando que a janja Ã© a conja do lula. e atÃ© rima.ğŸ¤£ğŸ¤£ğŸ¤£
2022-07-30 21:56:06+00:00,1553499702141849600,@LulaOficial @ricardostuckert Nossa bandeira Ã© verde e amarela Ã© jamais voltarÃ¡ a ser vermelha di comunismo e socialismo https://t.co/WQJfaDpXv3,Lula,  nossa bandeira Ã© verde e amarela Ã© jamais voltarÃ¡ a ser vermelha di comunismo e socialismo 
2022-07-30 21:56:05+00:00,1553499698660524032,"@Rconstantino DaÃ­ Ã© muita falta de carÃ¡ter mesmo .
Desse Lula eu nÃ£o espero nada !",Lula, daÃ­ Ã© muita falta de carÃ¡ter mesmo .desse lula eu nÃ£o espero nada !
2022-07-30 21:56:05+00:00,1553499698224316417,"@estercrf_ @FelippeT1 @alves_lapa @rickmarcolan @Lopes_Marco_BR @martinFLA81 EngraÃ§ado , lula foi solto por falta de provas , ok . Vamos partir daÃ­ , pulgar nÃ£o tem pendÃªncias com a justiÃ§a , igual o lula e pq vc tÃ¡ batendo no cara ?  Cultura de cancelamento escrota .",Lula,"      engraÃ§ado , lula foi solto por falta de provas , ok . vamos partir daÃ­ , pulgar nÃ£o tem pendÃªncias com a justiÃ§a , igual o lula e pq vc tÃ¡ batendo no cara ?  cultura de cancelamento escrota ."
2022-07-30 21:56:04+00:00,1553499694613123075,@HomerodaSilve @senadorhumberto @LulaOficial Verdade!!!!!!!!!!,Lula,   verdade!!!!!!!!!!
2022-07-30 21:56:04+00:00,1553499693480644611,"@LulaOficial N.   Bv.  B  b  bbbbbbbbbb bbbbbbjb Z   zx z vai dar 
 
N",Lula, n.   bv.  b  b  bbbbbbbbbb bbbbbbjb z   zx z vai dar  n
2022-07-30 21:56:04+00:00,1553499693400875009,"@LulaOficial Verdade! Sua figura Ã© o que mais se assemelha a facismo, cinismo e mau caratismo.",Lula," verdade! sua figura Ã© o que mais se assemelha a facismo, cinismo e mau caratismo."
2022-07-30 21:56:03+00:00,1553499692243324928,"@ThiagoResiste @LulaOficial Bom os do #LulaLadrÃ£o estÃ£o aÃ­, para qualquer um ver. Bem escancarados. Mas uma coisa eu tenho certeza. NÃ£o terÃ­amos que esperar atÃ© janeiro,se Bolsonaro tivesse realmente,algum crime. SÃ³ idiota,pra pensar assim.",Lula,"  bom os do  estÃ£o aÃ­, para qualquer um ver. bem escancarados. mas uma coisa eu tenho certeza. nÃ£o terÃ­amos que esperar atÃ© janeiro,se bolsonaro tivesse realmente,algum crime. sÃ³ idiota,pra pensar assim."
2022-07-30 21:56:03+00:00,1553499690120921088,"@SamueuAlbuquer2 @Rconstantino @miriamleitao Quem que abraÃ§a as cantigas de grilo do Lula, fazia Ã© citar nÃºmeros estratosfÃ©ricos pra parecer que sabia de algo relevante,na verdade tudo tirado cabeÃ§a dele.",Lula,"   quem que abraÃ§a as cantigas de grilo do lula, fazia Ã© citar nÃºmeros estratosfÃ©ricos pra parecer que sabia de algo relevante,na verdade tudo tirado cabeÃ§a dele."
2022-07-30 21:56:02+00:00,1553499687008800769,@jairbolsonaro ğŸ‘ğŸ‘ğŸ‘ğŸ‘ parabÃ©ns @LulaOficial,Lula, ğŸ‘ğŸ‘ğŸ‘ğŸ‘ parabÃ©ns 
2022-07-30 21:56:02+00:00,1553499686589399040,@LulaOficial https://t.co/01tTcR6Xjz,Lula, 
2022-07-30 21:56:02+00:00,1553499684651802624,@paulopaim @corrinhaquintao Opa Lula deu aval.... entÃ£o vamos...,Lula,  opa lula deu aval.... entÃ£o vamos...
2022-07-30 21:56:01+00:00,1553499682445336581,@SolanoManoel @_raiaq TÃ£o sÃ©rio que aceitou um Lula pra se garantir na CÃ¢mara dos Deputados e o apoio pra conseguir a presidÃªncia de lÃ¡. TÃ¡ bom.,Lula,  tÃ£o sÃ©rio que aceitou um lula pra se garantir na cÃ¢mara dos deputados e o apoio pra conseguir a presidÃªncia de lÃ¡. tÃ¡ bom.
2022-07-30 21:56:00+00:00,1553499679375097856,"@cappellarianton Vai pedir o do Lula tambÃ©m?
Porque ele mora em casa alugada de 30k enquanto diz nÃ£o podemos ter duas tvs em casa",Lula, vai pedir o do lula tambÃ©m?porque ele mora em casa alugada de 30k enquanto diz nÃ£o podemos ter duas tvs em casa
2022-07-30 21:56:00+00:00,1553499679287017473,@LulaOficial Isso Ã© que vamos ver datapovo ou pesquisas fake kkkkkk sua oportunidade jÃ¡ foi e vc nÃ£o soube ser onesto quebro a banca kkkkkk,Lula, isso Ã© que vamos ver datapovo ou pesquisas fake kkkkkk sua oportunidade jÃ¡ foi e vc nÃ£o soube ser onesto quebro a banca kkkkkk
2022-07-30 21:55:59+00:00,1553499675365441536,@FreixoDebochado @MarceloFreixo @LulaOficial SÃ³ se for pro eixo das drogas! ğŸ˜‚ğŸ˜‚ğŸ˜‚ğŸ¤¦ğŸ»â€â™€ï¸ğŸ¤¦ğŸ»â€â™€ï¸ğŸ¤¦ğŸ»â€â™€ï¸ https://t.co/ngfblgu9TJ,Lula,   sÃ³ se for pro eixo das drogas! ğŸ˜‚ğŸ˜‚ğŸ˜‚ğŸ¤¦ğŸ»â€â™€ï¸ğŸ¤¦ğŸ»â€â™€ï¸ğŸ¤¦ğŸ»â€â™€ï¸ 
2022-07-30 21:55:58+00:00,1553499669136826368,"ENQUANTO TEM GENTE BRINCANDO DE LUOOLA OU BOLSONARO OLHEM O RESULTADO DA ESQUERDALHA E O FILHOTE DE LULA NA ARGENTINA...
EU DUVIDO QUE ALGUÃ‰M VAI PARAR PRA LER ESSA MATÃ‰RIA E SE INDIGNA.
DEPOIS NÃƒO ADIANTA CHORAR COMO ESTÃ ACONTECENDO NA AMÃ‰RICA ..... https://t.co/Ygh142lydH",Lula,enquanto tem gente brincando de luoola ou bolsonaro olhem o resultado da esquerdalha e o filhote de lula na argentina...eu duvido que alguÃ©m vai parar pra ler essa matÃ©ria e se indigna.depois nÃ£o adianta chorar como estÃ¡ acontecendo na amÃ©rica ..... 
2022-07-30 21:55:57+00:00,1553499663671721987,@bolsonaro_1986 @LulaOficial @elmanofreitaspt Bolsonaro nÃ£o sabe nem que tu existe...,Lula,   bolsonaro nÃ£o sabe nem que tu existe...
2022-07-30 21:55:55+00:00,1553499658848276484,"@gleisi @LulaOficial @CamiloSantanaCE @elmanofreitaspt Opaa..no centro de convenÃ§Ãµes. NÃ£o foi tudo isso que a tv do Jereissati mostrou heim!!

ğŸ˜‚ğŸ˜‚ğŸ˜‚",Lula,    opaa..no centro de convenÃ§Ãµes. nÃ£o foi tudo isso que a tv do jereissati mostrou heim!!ğŸ˜‚ğŸ˜‚ğŸ˜‚
2022-07-30 21:55:53+00:00,1553499648941228039,@guimaraes13PT @LulaOficial https://t.co/chL1wVEnQP,Lula,  
2022-07-30 22:06:22+00:00,1553502287355584524,"NÃ£o entendo essa gente que coloca fora Bolsonaro, porra o cara Ã© Ã­ntegro, luta contra um sistema de FDP e este povo nÃ£o aprende . https://t.co/QBU9m6YcsG",Bolsonaro,"nÃ£o entendo essa gente que coloca fora bolsonaro, porra o cara Ã© Ã­ntegro, luta contra um sistema de fdp e este povo nÃ£o aprende . "
2022-07-30 22:06:22+00:00,1553502285984141313,"@arivsilva1 @FatimaF46328259 @Delinho17333581 @GuedeFigueredo @GuerreiraJVGS @EdneiaScanto @Pedro19710407 @ma_65zaff @MonteiroDjair @taniaduarte48 @jurasotero @MeireFarias9 @BolsonaroSoul @RachelAndo7 @ManesAlexandre @LaFenix61 @SrBoneco1 Datapovo coloca @jairbolsonaro reeleito no primeiro turno ğŸ‘ğŸ»ğŸ‘ğŸ»ğŸ‘ğŸ»ğŸ‘ğŸ»ğŸ‘ğŸ»ğŸ‘ğŸ»ğŸ‘ğŸ»ğŸ‘ğŸ»ğŸ‘ğŸ»ğŸ‘ğŸ»ğŸ‘ğŸ»
ğŸ‡§ğŸ‡·ğŸ‡§ğŸ‡·ğŸ‡§ğŸ‡·2ï¸âƒ£2ï¸âƒ£ğŸ‡§ğŸ‡·ğŸ‡§ğŸ‡·ğŸ‡§ğŸ‡·",Bolsonaro,                 datapovo coloca  reeleito no primeiro turno ğŸ‘ğŸ»ğŸ‘ğŸ»ğŸ‘ğŸ»ğŸ‘ğŸ»ğŸ‘ğŸ»ğŸ‘ğŸ»ğŸ‘ğŸ»ğŸ‘ğŸ»ğŸ‘ğŸ»ğŸ‘ğŸ»ğŸ‘ğŸ»ğŸ‡§ğŸ‡·ğŸ‡§ğŸ‡·ğŸ‡§ğŸ‡·2ï¸âƒ£2ï¸âƒ£ğŸ‡§ğŸ‡·ğŸ‡§ğŸ‡·ğŸ‡§ğŸ‡·
2022-07-30 22:06:21+00:00,1553502283610165254,@brunnoalves @AnnaCroft19 @lia_liaa22 @jairbolsonaro 16 anos de pt Ã© pouco nÃ©.,Bolsonaro,    16 anos de pt Ã© pouco nÃ©.
2022-07-30 22:06:20+00:00,1553502278551830528,"""Ã‰ Bolsonaro"" #CapitaoNoPrimeiroTurno https://t.co/7apBShPfMB",Bolsonaro,"""Ã© bolsonaro""  "
2022-07-30 22:06:19+00:00,1553502273677959169,"AlguÃ©m pode informar para Miriam Leitoa da Rede Grobo que o  Bolsonaro, mais uma vez esta dando prejuÃ­zo ao Brasil. ğŸ¤£ğŸ¤£ğŸ¤£ https://t.co/fq0k6p8bZL",Bolsonaro,"alguÃ©m pode informar para miriam leitoa da rede grobo que o  bolsonaro, mais uma vez esta dando prejuÃ­zo ao brasil. ğŸ¤£ğŸ¤£ğŸ¤£ "
2022-07-30 22:06:18+00:00,1553502269110353921,@FlavioBolsonaro @jairbolsonaro ISTOÃ‰ BOLSONARO,Bolsonaro,  istoÃ© bolsonaro
2022-07-30 22:06:18+00:00,1553502268024045573,@jairbolsonaro o sor tÃ¡ vermelho? Foi isso que eu vi? Kkkkkk https://t.co/iDLfxFoeBj,Bolsonaro, o sor tÃ¡ vermelho? foi isso que eu vi? kkkkkk 
2022-07-30 22:06:17+00:00,1553502265918504960,@jairbolsonaro ğŸ¤®ğŸ¤®ğŸ¤®ğŸ¤®ğŸ¤®ğŸ¤®ğŸ¤®ğŸ¤®ğŸ¤®ğŸ¤®ğŸ¤®ğŸ¤®ğŸ¤®ğŸ¤®ğŸ¤®ğŸ¤®ğŸ¤®ğŸ¤®ğŸ¤®ğŸ¤®ğŸ¤®ğŸ¤®ğŸ¤®ğŸ¤®ğŸ¤®ğŸ¤®ğŸ¤®ğŸ¤®ğŸ¤®ğŸ¤®ğŸ¤®ğŸ¤®ğŸ¤®ğŸ¤®ğŸ¤®ğŸ¤®ğŸ¤®ğŸ¤®ğŸ¤®ğŸ¤®ğŸ¤®ğŸ¤®ğŸ¤®ğŸ¤®ğŸ¤®,Bolsonaro, ğŸ¤®ğŸ¤®ğŸ¤®ğŸ¤®ğŸ¤®ğŸ¤®ğŸ¤®ğŸ¤®ğŸ¤®ğŸ¤®ğŸ¤®ğŸ¤®ğŸ¤®ğŸ¤®ğŸ¤®ğŸ¤®ğŸ¤®ğŸ¤®ğŸ¤®ğŸ¤®ğŸ¤®ğŸ¤®ğŸ¤®ğŸ¤®ğŸ¤®ğŸ¤®ğŸ¤®ğŸ¤®ğŸ¤®ğŸ¤®ğŸ¤®ğŸ¤®ğŸ¤®ğŸ¤®ğŸ¤®ğŸ¤®ğŸ¤®ğŸ¤®ğŸ¤®ğŸ¤®ğŸ¤®ğŸ¤®ğŸ¤®ğŸ¤®ğŸ¤®
2022-07-30 22:06:17+00:00,1553502264446312448,@crisdemarchii @jairbolsonaro Eu assinei,Bolsonaro,  eu assinei
2022-07-30 22:06:16+00:00,1553502261506150401,"Ciro Nogueira Ã© vaiado em convenÃ§Ã£o do PDT no PiauÃ­: â€œFora bolsonarista, fora Bolsonaro!"" (vÃ­deo) https://t.co/hBHVZ79TZr",Bolsonaro,"ciro nogueira Ã© vaiado em convenÃ§Ã£o do pdt no piauÃ­: â€œfora bolsonarista, fora bolsonaro!"" (vÃ­deo) "
2022-07-30 22:06:14+00:00,1553502254103236610,"@Calabouco21 @joicehasselmann VocÃªs nÃ£o querem admitir que Bolsonaro Ã© uma raposa velha.
Reclamam que ele se aliou ao centrÃ£o, Por que queriam deixar ele isolado quando infiltrados, abandonaram ele no meio da guerra.
Jogaram ele aos lobos e ele veio liderando a matilha.
Bolsonaro deu aula de estratÃ©gia.
ğŸ¤£ğŸ¤£",Bolsonaro,"  vocÃªs nÃ£o querem admitir que bolsonaro Ã© uma raposa velha.reclamam que ele se aliou ao centrÃ£o, por que queriam deixar ele isolado quando infiltrados, abandonaram ele no meio da guerra.jogaram ele aos lobos e ele veio liderando a matilha.bolsonaro deu aula de estratÃ©gia.ğŸ¤£ğŸ¤£"
2022-07-30 22:06:14+00:00,1553502252614258688,"@Kener_Pascoal @LulaOficial @dilmabr Em 1955 ZÃ© Dantas e GonzagÃ£o compuseram a mÃºsica Riacho do Navio. Naquele mesmo ano nascia @jairbolsonaro 
Em 2022 Bolsonaro atualizou a letra da mÃºsica.
Riacho do Navio
Corre pro PajeÃº
O rio PajeÃº vai despejar
No SÃ£o Francisco
O rio SÃ£o Francisco
Vai bater no ""CearÃ¡""",Bolsonaro,"   em 1955 zÃ© dantas e gonzagÃ£o compuseram a mÃºsica riacho do navio. naquele mesmo ano nascia  em 2022 bolsonaro atualizou a letra da mÃºsica.riacho do naviocorre pro pajeÃºo rio pajeÃº vai despejarno sÃ£o franciscoo rio sÃ£o franciscovai bater no ""cearÃ¡"""
2022-07-30 22:06:13+00:00,1553502247027412993,"Brasil 247: 'Bolsonaro nÃ£o fez transposiÃ§Ã£o nem para lavar mentiras', diz Lula.
https://t.co/FmUPAJMKA6

atravÃ©s do @GoogleNews",Bolsonaro,"brasil 247: 'bolsonaro nÃ£o fez transposiÃ§Ã£o nem para lavar mentiras', diz lula. do "
2022-07-30 22:06:12+00:00,1553502246566076416,"""Ã‰ Bolsonaro"" #CapitaoNoPrimeiroTurno https://t.co/QSJC7GRlT0",Bolsonaro,"""Ã© bolsonaro""  "
2022-07-30 22:06:12+00:00,1553502244036923393,"Ciro Gomes diz que â€œnÃ£o hÃ¡ caminhoâ€ para apoiar Lula no segundo turno contra Bolsonaro

https://t.co/iXS2IV55Jz",Bolsonaro,ciro gomes diz que â€œnÃ£o hÃ¡ caminhoâ€ para apoiar lula no segundo turno contra bolsonaro
2022-07-30 22:06:11+00:00,1553502239544721416,"â€œPEC para blindar Bolsonaro Ã© totalmente inconstitucionalâ€, diz Pedro Serrano https://t.co/Q9gsUe55cr",Bolsonaro,"â€œpec para blindar bolsonaro Ã© totalmente inconstitucionalâ€, diz pedro serrano "
2022-07-30 22:06:10+00:00,1553502235392344065,@DamaresAlves @jairbolsonaro foi escateada kkkkkkki sobe na goiabeira,Bolsonaro,  foi escateada kkkkkkki sobe na goiabeira
2022-07-30 22:06:10+00:00,1553502235384057856,"Padilha: â€œEm 2018, Bolsonaro teve 8 milhÃµes de votos a mais em SP; Lula ... https://t.co/hBTyqQfLUV via @YouTube",Bolsonaro,"padilha: â€œem 2018, bolsonaro teve 8 milhÃµes de votos a mais em sp; lula ...  via "
2022-07-30 22:06:09+00:00,1553502234121568256,@DamaresAlves @jairbolsonaro https://t.co/FVTCwg9AKy,Bolsonaro,  
2022-07-30 22:06:08+00:00,1553502229717557250,"""BOLSONARISTAS FORAM HUMILHADOS PELO PRÃ“PRIO JAIR BOLSONARO"" | Cortes 247 https://t.co/Fo3stVG3jk via @YouTube",Bolsonaro,"""bolsonaristas foram humilhados pelo prÃ³prio jair bolsonaro"" | cortes 247  via "
2022-07-30 22:06:08+00:00,1553502227725271040,@kujovs NENA tinhw 1 menina d minha sala q tinha camiseta bandeira mascara tudo d bolsonaro vo t conta,Bolsonaro, nena tinhw 1 menina d minha sala q tinha camiseta bandeira mascara tudo d bolsonaro vo t conta
2022-07-30 22:06:07+00:00,1553502223476305920,@CarlaZambelli38 @jairbolsonaro @tarcisiogdf https://t.co/t6ibRhoYDq,Bolsonaro,   
2022-07-30 22:06:06+00:00,1553502218199908354,"@William29827603 @LulaOficial @dilmabr Em 1955 ZÃ© Dantas e GonzagÃ£o compuseram a mÃºsica Riacho do Navio. Naquele mesmo ano nascia @jairbolsonaro 
Em 2022 Bolsonaro atualizou a letra da mÃºsica.
Riacho do Navio
Corre pro PajeÃº
O rio PajeÃº vai despejar
No SÃ£o Francisco
O rio SÃ£o Francisco
Vai bater no ""CearÃ¡""",Bolsonaro,"   em 1955 zÃ© dantas e gonzagÃ£o compuseram a mÃºsica riacho do navio. naquele mesmo ano nascia  em 2022 bolsonaro atualizou a letra da mÃºsica.riacho do naviocorre pro pajeÃºo rio pajeÃº vai despejarno sÃ£o franciscoo rio sÃ£o franciscovai bater no ""cearÃ¡"""
2022-07-30 22:06:05+00:00,1553502216228585472,"79% dos brasileiros dizem confiar nas urnas, aponta pesquisa Datafolha
Apenas 20% dos entrevistados disseram que nÃ£o confiam na urna eletrÃ´nica e a maior desconfianÃ§a vem de eleitores de Jair Bolsonaro
https://t.co/oxFHVg3kIQ",Bolsonaro,"79% dos brasileiros dizem confiar nas urnas, aponta pesquisa datafolhaapenas 20% dos entrevistados disseram que nÃ£o confiam na urna eletrÃ´nica e a maior desconfianÃ§a vem de eleitores de jair bolsonaro"
2022-07-30 22:06:04+00:00,1553502212336353280,"@joicehasselmann @jairbolsonaro Que alegria sinto quando vejo a rejeitada Joice espumar sua raiva contra o nosso querido presidente Bolsonaro , #BolsonaroReeleitoNoPrimeiroTurno",Bolsonaro,"  que alegria sinto quando vejo a rejeitada joice espumar sua raiva contra o nosso querido presidente bolsonaro , "
2022-07-30 22:06:04+00:00,1553502210792820738,@SidBiroliro22 Bolsonaro 22!!! Te seguindo jÃ¡,Bolsonaro, bolsonaro 22!!! te seguindo jÃ¡
2022-07-30 22:06:03+00:00,1553502208355962881,"@FlavioBolsonaro @jairbolsonaro Deve ser o efeito Collor!
TÃ¡ na hora tÃ¡ na hora, tÃ¡ na hora de vazar, quem quiser vazar Kgente, pode vir que ainda dÃ¡. https://t.co/54DWpliwB1",Bolsonaro,"  deve ser o efeito collor!tÃ¡ na hora tÃ¡ na hora, tÃ¡ na hora de vazar, quem quiser vazar kgente, pode vir que ainda dÃ¡. "
2022-07-30 22:06:01+00:00,1553502199476617218,DÂ’Avila diz que Bolsonaro e Lula nÃ£o tÃªm 'carÃ¡ter' e sÃ£o 'incompetentes'. Veja mais em:  - https://t.co/lYPURkz2ih,Bolsonaro,dÂ’avila diz que bolsonaro e lula nÃ£o tÃªm 'carÃ¡ter' e sÃ£o 'incompetentes'. veja mais em:  - 
2022-07-30 22:06:00+00:00,1553502195672309761,"@EdneiaScanto @MarcioM61326104 @adinaelsilva @Alexandre30k @ManesAlexandre @Nuu0204 @Valdirene4971 @Melkpsobrinho @BergMartins14 @CameloJubeni @vanice_a @nefertiti2022 @BetoBrasilRJ @RE_BOLSONARO SEGUINDO A TODOS 
SEGUE DE VOLTA ğŸ‡§ğŸ‡· ğŸ’š ğŸ‡§ğŸ‡·",Bolsonaro,              seguindo a todos segue de volta ğŸ‡§ğŸ‡· ğŸ’š ğŸ‡§ğŸ‡·
2022-07-30 22:05:59+00:00,1553502192375676928,@flferronato Sendo otimista bate os 600 mil hj. Se tivessemos outros influentes compartilhando 700 mil hj. Se o @jairbolsonaro compartilhar bate a meta.,Bolsonaro, sendo otimista bate os 600 mil hj. se tivessemos outros influentes compartilhando 700 mil hj. se o  compartilhar bate a meta.
2022-07-30 22:05:59+00:00,1553502189510922242,"@thaispsic AlguÃ©m pode informar para Miriam Leitoa da Rede Grobo que o  Bolsonaro, mais uma vez esta dando prejuÃ­zo ao Brasil. ğŸ¤£ğŸ¤£ğŸ¤£",Bolsonaro," alguÃ©m pode informar para miriam leitoa da rede grobo que o  bolsonaro, mais uma vez esta dando prejuÃ­zo ao brasil. ğŸ¤£ğŸ¤£ğŸ¤£"
2022-07-30 22:05:59+00:00,1553502188554653702,"""Ã‰ Bolsonaro"" #CapitaoNoPrimeiroTurno https://t.co/YENk4FGkRP",Bolsonaro,"""Ã© bolsonaro""  "
2022-07-30 22:05:58+00:00,1553502185111027713,@oolhoesquerdo @eveeevicente @anedeamsterda @Allbertrs1 @julianapaes Me poupe!!! Eu nÃ£o voto no Bolsonaro mas conheÃ§o pessoas do bem que votaram esperando que ele fizesse algo de bom. VocÃªs sÃ£o doentes kkkkkkkkkkkk,Bolsonaro,     me poupe!!! eu nÃ£o voto no bolsonaro mas conheÃ§o pessoas do bem que votaram esperando que ele fizesse algo de bom. vocÃªs sÃ£o doentes kkkkkkkkkkkk
2022-07-30 22:05:58+00:00,1553502184305729537,"@WesleyAHS11s @LulaOficial @dilmabr Em 1955 ZÃ© Dantas e GonzagÃ£o compuseram a mÃºsica Riacho do Navio. Naquele mesmo ano nascia @jairbolsonaro 
Em 2022 Bolsonaro atualizou a letra da mÃºsica.
Riacho do Navio
Corre pro PajeÃº
O rio PajeÃº vai despejar
No SÃ£o Francisco
O rio SÃ£o Francisco
Vai bater no ""CearÃ¡""",Bolsonaro,"   em 1955 zÃ© dantas e gonzagÃ£o compuseram a mÃºsica riacho do navio. naquele mesmo ano nascia  em 2022 bolsonaro atualizou a letra da mÃºsica.riacho do naviocorre pro pajeÃºo rio pajeÃº vai despejarno sÃ£o franciscoo rio sÃ£o franciscovai bater no ""cearÃ¡"""
2022-07-30 22:05:57+00:00,1553502183425015808,@Claudio03165029 @ThiagoResiste Quanta injustiÃ§a e inverdades em relaÃ§Ã£o aos pastores. Silogismo puro! Condena Bolsonaro e admite Lula no pÃ¡reo: entendimento obscurecido.,Bolsonaro,  quanta injustiÃ§a e inverdades em relaÃ§Ã£o aos pastores. silogismo puro! condena bolsonaro e admite lula no pÃ¡reo: entendimento obscurecido.
2022-07-30 22:05:56+00:00,1553502179696197642,"@romanelli_lins @LuisDerieul Temos novidades:
Livro revela incÃ´modo de ex-cunhado com caixas de dinheiro vivo na casa de Bolsonaro na Barra da Tijuca, no Rio de Janeiro 

https://t.co/ocCPedhPD0",Bolsonaro,"  temos novidades:livro revela incÃ´modo de ex-cunhado com caixas de dinheiro vivo na casa de bolsonaro na barra da tijuca, no rio de janeiro "
2022-07-30 22:05:55+00:00,1553502172284846087,"@BlogdoNoblat @BlogdoNoblat se o Loola estÃ¡ anos luz com 171% no DataFolha , pra que falar de  Bolsonaro ? Foca na comemoraÃ§Ã£o! EsqueÃ§a o 2o colocado DataFolha .",Bolsonaro,"  se o loola estÃ¡ anos luz com 171% no datafolha , pra que falar de  bolsonaro ? foca na comemoraÃ§Ã£o! esqueÃ§a o 2o colocado datafolha ."
2022-07-30 22:05:55+00:00,1553502171848757248,"@danubiotavares @lia_liaa22 @jairbolsonaro NÃ£o Ã© nÃ£o cara. Ã‰ verdade...
Uma pequena amostra.
Mas uma grande realidade.
SerÃ¡ que dÃ¡ para vocÃª ter uma idÃ©ia do que Ã© viver sem Ã¡gua? ğŸ˜¬ https://t.co/qjqOHDtDki",Bolsonaro,   nÃ£o Ã© nÃ£o cara. Ã© verdade...uma pequena amostra.mas uma grande realidade.serÃ¡ que dÃ¡ para vocÃª ter uma idÃ©ia do que Ã© viver sem Ã¡gua? ğŸ˜¬ 
2022-07-30 22:05:54+00:00,1553502171244773382,"@rodrigogarcia_ SP Ã© TarcÃ­sio! Chega de eleger opositores ao governo federal. SÃ³ anda pra frente, se andar junto com Bolsonaro!",Bolsonaro," sp Ã© tarcÃ­sio! chega de eleger opositores ao governo federal. sÃ³ anda pra frente, se andar junto com bolsonaro!"
2022-07-30 22:05:54+00:00,1553502168761655296,"Bolsonaro se emociona com Hino cantado por menino vestido como policial e presta continÃªncia, VEJA VÃDEO - Terra Brasil NotÃ­cias

ğŸ‡§ğŸ‡·ğŸ‡§ğŸ‡·ğŸ‡§ğŸ‡·ğŸ‡§ğŸ‡·ğŸ‡§ğŸ‡·ğŸ‡§ğŸ‡·ğŸ‡§ğŸ‡· https://t.co/N1ZUFmbWsd",Bolsonaro,"bolsonaro se emociona com hino cantado por menino vestido como policial e presta continÃªncia, veja vÃ­deo - terra brasil notÃ­ciasğŸ‡§ğŸ‡·ğŸ‡§ğŸ‡·ğŸ‡§ğŸ‡·ğŸ‡§ğŸ‡·ğŸ‡§ğŸ‡·ğŸ‡§ğŸ‡·ğŸ‡§ğŸ‡· "
2022-07-30 22:05:54+00:00,1553502168522657795,@AmorimConfucio @juanedeide @jairbolsonaro https://t.co/NZ1pw1OfhD,Bolsonaro,   
2022-07-30 22:05:54+00:00,1553502167931273219,"#Bolsonaro2022noPrimeiroTurno
#BolsonaroNoPrimeiroTurno 

Urgente - TSE jÃ¡ fala em impedir Bolsonaro de ser candidato https://t.co/139J3HVcHn via @YouTube",Bolsonaro, urgente - tse jÃ¡ fala em impedir bolsonaro de ser candidato  via 
2022-07-30 22:05:53+00:00,1553502164462493697,"@BornToRebellion @ConselhosConse1 @Gaby_8489 @rafaelmeneses93 @jairbolsonaro Legal esse vÃ­deo, mas o presidente Ã© o Jair Bolsonaro, nÃ£o o FlÃ¡vio, cadÃª as provas contra o Jair?",Bolsonaro,"     legal esse vÃ­deo, mas o presidente Ã© o jair bolsonaro, nÃ£o o flÃ¡vio, cadÃª as provas contra o jair?"
2022-07-30 22:05:52+00:00,1553502162705174529,"@dobylucky @AndreJanonesAdv Quantas dessas narrativas (da uma pesquisada pra ver o que significa) resultaram em inquÃ©rito onde Bolsonaro responde como rÃ©u? NÃ£o vale responder com meme, tÃ¡? ğŸ¤¯",Bolsonaro,"  quantas dessas narrativas (da uma pesquisada pra ver o que significa) resultaram em inquÃ©rito onde bolsonaro responde como rÃ©u? nÃ£o vale responder com meme, tÃ¡? ğŸ¤¯"
2022-07-30 22:05:52+00:00,1553502159618146306,"@mariajulyah Menina nÃ£o sei explicar KKKMKK
Mas tava olhando nos trends hoje e tavam comparando o Bolsonaro com the office",Bolsonaro, menina nÃ£o sei explicar kkkmkkmas tava olhando nos trends hoje e tavam comparando o bolsonaro com the office
2022-07-30 22:05:52+00:00,1553502159207006209,"""Ã‰ Bolsonaro"" #CapitaoNoPrimeiroTurno https://t.co/Zf9z33IeeS",Bolsonaro,"""Ã© bolsonaro""  "
2022-07-30 22:05:51+00:00,1553502158414401536,"@reinaldoazevedo Que moral alguÃ©m q defende as alianÃ§as do pt tem para criticar qqr outra, inclusive do Bolsonaro... Por isso eu digo...

Bolsopetismo existe...",Bolsonaro," que moral alguÃ©m q defende as alianÃ§as do pt tem para criticar qqr outra, inclusive do bolsonaro... por isso eu digo...bolsopetismo existe..."
2022-07-30 22:05:50+00:00,1553502153997750272,@cirogomes As mesmas palavras de Bolsonaro,Bolsonaro, as mesmas palavras de bolsonaro
2022-07-30 22:05:50+00:00,1553502153406291969,"@SrBoneco1 @FatimaF46328259 @Delinho17333581 @GuedeFigueredo @GuerreiraJVGS @EdneiaScanto @Pedro19710407 @ma_65zaff @MonteiroDjair @taniaduarte48 @jurasotero @MeireFarias9 @BolsonaroSoul @RachelAndo7 @ManesAlexandre @LaFenix61 @ellen2924 @AmadoCarrilho Datapovo coloca @jairbolsonaro reeleito no primeiro turno ğŸ‘ğŸ»ğŸ‘ğŸ»ğŸ‘ğŸ»ğŸ‘ğŸ»ğŸ‘ğŸ»ğŸ‘ğŸ»ğŸ‘ğŸ»ğŸ‘ğŸ»ğŸ‘ğŸ»ğŸ‘ğŸ»ğŸ‘ğŸ»
ğŸ‡§ğŸ‡·ğŸ‡§ğŸ‡·ğŸ‡§ğŸ‡·2ï¸âƒ£2ï¸âƒ£ğŸ‡§ğŸ‡·ğŸ‡§ğŸ‡·ğŸ‡§ğŸ‡·",Bolsonaro,                  datapovo coloca  reeleito no primeiro turno ğŸ‘ğŸ»ğŸ‘ğŸ»ğŸ‘ğŸ»ğŸ‘ğŸ»ğŸ‘ğŸ»ğŸ‘ğŸ»ğŸ‘ğŸ»ğŸ‘ğŸ»ğŸ‘ğŸ»ğŸ‘ğŸ»ğŸ‘ğŸ»ğŸ‡§ğŸ‡·ğŸ‡§ğŸ‡·ğŸ‡§ğŸ‡·2ï¸âƒ£2ï¸âƒ£ğŸ‡§ğŸ‡·ğŸ‡§ğŸ‡·ğŸ‡§ğŸ‡·
2022-07-30 22:05:50+00:00,1553502153158922240,@valoreconomico Kkkkkkkk. E tem maluco que acredita que o â€œmitoâ€ nÃ£o gosta de â€œex-presidiÃ¡rioâ€.  Bolsonaro Ã© o maior estelionato eleitoral que jÃ¡ existiu nesse paÃ­s,Bolsonaro, kkkkkkkk. e tem maluco que acredita que o â€œmitoâ€ nÃ£o gosta de â€œex-presidiÃ¡rioâ€.  bolsonaro Ã© o maior estelionato eleitoral que jÃ¡ existiu nesse paÃ­s
2022-07-30 22:05:50+00:00,1553502150822600708,"@LucasRo72047543 @fmei1 @psol50 @Haddad_Fernando AÃ­ Ã© que estÃ¡: votarei no Lula no primeiro turno, entÃ£o obviamente estou votando em Alkmin. Agora, uma coisa Ã© votar no Lula apesar do Alkmin, pois continua sendo a melhor candidatura para derrotar o Bolsonaro. NÃ£o precisamos mentir dizendo que o chuchu Ã© SD ou de centro pra isso",Bolsonaro,"    aÃ­ Ã© que estÃ¡: votarei no lula no primeiro turno, entÃ£o obviamente estou votando em alkmin. agora, uma coisa Ã© votar no lula apesar do alkmin, pois continua sendo a melhor candidatura para derrotar o bolsonaro. nÃ£o precisamos mentir dizendo que o chuchu Ã© sd ou de centro pra isso"
2022-07-30 22:11:20+00:00,1553503535689568259,NÃ£o deveria..Ciro Gomes funciona como linha Auxiliar do Bolsonaro https://t.co/OhQVgEcHNV,Ciro Gomes,nÃ£o deveria..ciro gomes funciona como linha auxiliar do bolsonaro 
2022-07-30 22:11:09+00:00,1553503492010086404,"Resolve tanto que elegeu Bolsonaro, enquanto TODAS PESQ. apontavam DERROTA P/ PT, MAS VITÃ“RIA PRO @cirogomes. E virou PTEMINION DESDE ENTÃƒO: INVENTA CULPADO PELA DERROTA.
""Cartomante com Alzheimer"" Ã© uma  das expressÃµes sensacionais do @cirogomes 
#PrefiroCiro https://t.co/uEOQAo43Xd",Ciro Gomes,"resolve tanto que elegeu bolsonaro, enquanto todas pesq. apontavam derrota p/ pt, mas vitÃ³ria pro  e virou pteminion desde entÃ£o: inventa culpado pela derrota.""cartomante com alzheimer"" Ã© uma  das expressÃµes sensacionais do   "
2022-07-30 22:10:48+00:00,1553503401757081602,@parox40 @cirogomes Foi nesse dia aqui https://t.co/lDG436XBoG,Ciro Gomes,  foi nesse dia aqui 
2022-07-30 22:10:40+00:00,1553503370853376001,"@ANTONIO72762204 @cirogomes Nem no CearÃ¡ o coronÃ© ganha, fica em terceiro!",Ciro Gomes,"  nem no cearÃ¡ o coronÃ© ganha, fica em terceiro!"
2022-07-30 22:10:39+00:00,1553503363844771841,@Cristia00945910 @cirogomes ğŸ‘ŠâœŒï¸,Ciro Gomes,  ğŸ‘ŠâœŒï¸
2022-07-30 22:10:31+00:00,1553503329233371139,@evenstarariel @cirogomes ğŸ¤¡ğŸ¤£ğŸ¤£ğŸ¤£ğŸ¤£ https://t.co/6sCRA5VWzd,Ciro Gomes,  ğŸ¤¡ğŸ¤£ğŸ¤£ğŸ¤£ğŸ¤£ 
2022-07-30 22:10:08+00:00,1553503234345631744,"@cirogomes VIVE POUCO COMO UM REI 
OU MUITO COMO UM ZÃ‰
ESSA EU NÃƒO SEI RESPONDER

TU VIROU UM ZÃ‰ AMARGO PRA CARALHO MEU BOM

METADE DO TEU ELEITORADO DE 2018 TÃ DECEPCIONADO, DEMITE E ENTRA COM UM BO CONTRA QUEM COMANDA O MARKETING DA TUA CAMPANHA PÃ“S PRIMEIRO TURNO DE 2018",Ciro Gomes," vive pouco como um rei ou muito como um zÃ©essa eu nÃ£o sei respondertu virou um zÃ© amargo pra caralho meu bommetade do teu eleitorado de 2018 tÃ¡ decepcionado, demite e entra com um bo contra quem comanda o marketing da tua campanha pÃ³s primeiro turno de 2018"
2022-07-30 22:10:08+00:00,1553503233557110784,"@cirogomes @GloboNews Ciro, foca na Tebet, Pablo MarÃ§al, Janones .... vai neles e diz que vc ganhando, irÃ¡ convidar os ex candidatos da repÃºblica que nÃ£o estÃ£o na polarizaÃ§Ã£o. Isso dÃ¡ muito pontos. Cada candidato a presidÃªncia tem um foco principal, entÃ£o destina ministÃ©rios pra eles.",Ciro Gomes,"  ciro, foca na tebet, pablo marÃ§al, janones .... vai neles e diz que vc ganhando, irÃ¡ convidar os ex candidatos da repÃºblica que nÃ£o estÃ£o na polarizaÃ§Ã£o. isso dÃ¡ muito pontos. cada candidato a presidÃªncia tem um foco principal, entÃ£o destina ministÃ©rios pra eles."
2022-07-30 22:09:56+00:00,1553503183837741057,"@Ruebster_ajalem @Omardeideais @cirogomes Desde sempre um lambari ensaboado - serviÃ§al da elite, do rentismo e do baronato financeiro.",Ciro Gomes,"   desde sempre um lambari ensaboado - serviÃ§al da elite, do rentismo e do baronato financeiro."
2022-07-30 22:09:53+00:00,1553503171984736256,@AkyllaFernanda @denis_vou_de_12 @cirogomes RT.,Ciro Gomes,   rt.
2022-07-30 22:09:50+00:00,1553503161234735104,"@FerreiraNetocrf @AnaLeal_FLA1895 @centraldanacao Bolsonaro, lula, Hadad, ciro Gomes KKKKKKKKKKKKKKKKK",Ciro Gomes,"   bolsonaro, lula, hadad, ciro gomes kkkkkkkkkkkkkkkkk"
2022-07-30 22:09:46+00:00,1553503144340062215,@thamescoast @SalaLolita @cirogomes @thabataganga Ã“timo muito obrigado!,Ciro Gomes,    Ã³timo muito obrigado!
2022-07-30 22:09:30+00:00,1553503075926777875,@cirogomes Presidente abandone o tom professora; converse com o povo,Ciro Gomes, presidente abandone o tom professora; converse com o povo
2022-07-30 22:09:21+00:00,1553503038689710081,"@oniromind @LucasVAAlmeida @AndreJanonesAdv @cirogomes Ã‰ abrir concessÃµes no plano de governo para os mesmos neoliberais que HOJE ferram com a populaÃ§Ã£o no governo Bolsonaro. Sinceramente, vou apoiar Lula contra o boÃ§al, mas esse engodo que querem empurrar Ã© de lascar. Revoltante.",Ciro Gomes,"    Ã© abrir concessÃµes no plano de governo para os mesmos neoliberais que hoje ferram com a populaÃ§Ã£o no governo bolsonaro. sinceramente, vou apoiar lula contra o boÃ§al, mas esse engodo que querem empurrar Ã© de lascar. revoltante."
2022-07-30 22:09:16+00:00,1553503016623407105,@cirogomes Kkkkkkkkk...demÃªncia chegou mesmo!,Ciro Gomes, kkkkkkkkk...demÃªncia chegou mesmo!
2022-07-30 22:09:16+00:00,1553503016363458560,@aluisferreira @Jack3d01 @cirogomes Nossa nao sabia que uma hastag irritasse tanto esses traidores.,Ciro Gomes,   nossa nao sabia que uma hastag irritasse tanto esses traidores.
2022-07-30 22:09:10+00:00,1553502991856148480,"@cirogomes Olha o homem ai gente!

#CiroPresidente",Ciro Gomes, olha o homem ai gente!
2022-07-30 22:08:43+00:00,1553502878152654848,@JoceliRdaRosa @marcusvinitae @cirogomes RT.,Ciro Gomes,   rt.
2022-07-30 22:08:27+00:00,1553502809240338432,"@StuckerLu @cirogomes Quem fez piada foi seu candidato. AliÃ¡s, ele faz direto. Nada contra.",Ciro Gomes,"  quem fez piada foi seu candidato. aliÃ¡s, ele faz direto. nada contra."
2022-07-30 22:08:25+00:00,1553502802789470208,@Estadao @ViraVotoCiro @EstadaoPolitica Quem tem propostas para mudar o Brasil Ã© o Ciro Gomes!,Ciro Gomes,   quem tem propostas para mudar o brasil Ã© o ciro gomes!
2022-07-30 22:08:25+00:00,1553502802407735298,"@luizmoura123 @cirogomes Deixou o cargo com essa aprovaÃ§Ã£o toda porque deu um pouco a mais para quem pouco tinha, usando de polÃ­ticas econÃ´micas artificiais pelas quais pagamos o preÃ§o pouco tempo depois, comeÃ§ando no governo Dilma.",Ciro Gomes,"  deixou o cargo com essa aprovaÃ§Ã£o toda porque deu um pouco a mais para quem pouco tinha, usando de polÃ­ticas econÃ´micas artificiais pelas quais pagamos o preÃ§o pouco tempo depois, comeÃ§ando no governo dilma."
2022-07-30 22:08:24+00:00,1553502796737122304,"@cirogomes Ciro, o que vocÃª vai ser quando se tornar ex-candidato?",Ciro Gomes," ciro, o que vocÃª vai ser quando se tornar ex-candidato?"
2022-07-30 22:08:19+00:00,1553502777686609920,@cirogomes https://t.co/8coNrFW6BE,Ciro Gomes, 
2022-07-30 22:08:18+00:00,1553502771227361281,@cirogomes Caramba como vc Ã© cÃ­nico.,Ciro Gomes, caramba como vc Ã© cÃ­nico.
2022-07-30 22:07:59+00:00,1553502695473963009,"@Kadancordeiro86 @cirogomes @ArmandoGalleni Concordo com vocÃª em relaÃ§Ã£o Ã  Marina. 

Quanto Ã  eleiÃ§Ã£o de 26, o povo Ã© quem vai decidir se valerÃ¡ a pena continuar com o PT. 

Agora, a missÃ£o Ã© expulsar o inominÃ¡vel.",Ciro Gomes,"   concordo com vocÃª em relaÃ§Ã£o Ã  marina. quanto Ã  eleiÃ§Ã£o de 26, o povo Ã© quem vai decidir se valerÃ¡ a pena continuar com o pt. agora, a missÃ£o Ã© expulsar o inominÃ¡vel."
2022-07-30 22:07:49+00:00,1553502653220638723,@capricarolina O CIRO GOMES KKKKKKKKKKKKKKKKKKKKKKKKKKKKKKKKKKKKKKKKKKKKKKKKKKKKKKKK,Ciro Gomes, o ciro gomes kkkkkkkkkkkkkkkkkkkkkkkkkkkkkkkkkkkkkkkkkkkkkkkkkkkkkkkk
2022-07-30 22:07:47+00:00,1553502642151751682,@NogueiraCapitao @Neymonte2 @cirogomes SDV,Ciro Gomes,   sdv
2022-07-30 22:07:38+00:00,1553502605246169090,"@aaofilho_ @cirogomes ""Lula leva vantagem""
Eu nÃ£o sei em que paÃ­s vocÃª viveu nos Ãºltimos 4 anos.",Ciro Gomes,"  ""lula leva vantagem""eu nÃ£o sei em que paÃ­s vocÃª viveu nos Ãºltimos 4 anos."
2022-07-30 22:07:19+00:00,1553502526640734210,@cirogomes Teria sido presidente. SÃ³ faltaram os votos.,Ciro Gomes, teria sido presidente. sÃ³ faltaram os votos.
2022-07-30 22:07:12+00:00,1553502494680141825,@cirogomes Ah sei,Ciro Gomes, ah sei
2022-07-30 22:07:07+00:00,1553502475067482114,"@abnerjose4 @MonteiroBurns @lukinhakeder @ofilhodopastor @AndreJanonesAdv @cirogomes SÃ³ em pensamento, nÃ©? Pra m perder o personagem",Ciro Gomes,"      sÃ³ em pensamento, nÃ©? pra m perder o personagem"
2022-07-30 22:06:58+00:00,1553502438606471169,"@oniromind @LucasVAAlmeida @AndreJanonesAdv @cirogomes Essa falÃ¡cia do bem maior Ã© triste e olha que sou eleitor do PT desde a dÃ©cada de 90. Esse discurso Ã© uma piada com nossa cara. Sabem que o problema nÃ£o Ã© alianÃ§as, com opositores ou nÃ£o. O problema Ã© trazer, entre outras coisas, um protofascista para a vice presidÃªncia.",Ciro Gomes,"    essa falÃ¡cia do bem maior Ã© triste e olha que sou eleitor do pt desde a dÃ©cada de 90. esse discurso Ã© uma piada com nossa cara. sabem que o problema nÃ£o Ã© alianÃ§as, com opositores ou nÃ£o. o problema Ã© trazer, entre outras coisas, um protofascista para a vice presidÃªncia."
2022-07-30 22:06:55+00:00,1553502424878534656,"@FGuerreiroMEP @cirogomes @LulaOficial Ele deu uma entrevista de quase 2hs p/ UOL. NÃ£o acho q estava passando por lÃ¡ e foi questionado aleatoriamente. Debates importam. 11 debates em 45 dias, nao. Ainda + quando tem 1min pra responder. JÃ¡ votei no Ciro, o acho inteligente, mas atualmente ele sÃ³ ataca tudo e a todos",Ciro Gomes,"   ele deu uma entrevista de quase 2hs p/ uol. nÃ£o acho q estava passando por lÃ¡ e foi questionado aleatoriamente. debates importam. 11 debates em 45 dias, nao. ainda + quando tem 1min pra responder. jÃ¡ votei no ciro, o acho inteligente, mas atualmente ele sÃ³ ataca tudo e a todos"
2022-07-30 22:06:51+00:00,1553502406511677440,"@cirogomes Eis o X da questÃ£o. 
Por isso votamos em vocÃª, mas vocÃª precisa vencer exclusivamente pelo voto consciente. Problema Ã© o eleitor de miolo mole que se encanta com Ã­dolos politiqueiros demagogos, forjados pelas negociatas e mÃ­dia comprada.",Ciro Gomes," eis o x da questÃ£o. por isso votamos em vocÃª, mas vocÃª precisa vencer exclusivamente pelo voto consciente. problema Ã© o eleitor de miolo mole que se encanta com Ã­dolos politiqueiros demagogos, forjados pelas negociatas e mÃ­dia comprada."
2022-07-30 22:06:46+00:00,1553502388631240704,@cirogomes JÃ¡ tomou seu gardenal hj Ciro?,Ciro Gomes, jÃ¡ tomou seu gardenal hj ciro?
2022-07-30 22:06:45+00:00,1553502383698808839,"@ShadowWalter2 @renancalheiros @LulaOficial GraÃ§as a Deus existe Ciro Gomes para forÃ§ar a auto crÃ­tica que o PT nunca fez... Mas a conta sempre chega. Na verdade jÃ¡ chegou com o Bolsonaro e o PT nÃ£o aprendeu. Comete hoje os mesmos erros.

E sobre esse seu pragmatismo tolo: o Brasil da redemocratizaÃ§Ã£o para cÃ¡ estÃ¡ doente +",Ciro Gomes,   graÃ§as a deus existe ciro gomes para forÃ§ar a auto crÃ­tica que o pt nunca fez... mas a conta sempre chega. na verdade jÃ¡ chegou com o bolsonaro e o pt nÃ£o aprendeu. comete hoje os mesmos erros.e sobre esse seu pragmatismo tolo: o brasil da redemocratizaÃ§Ã£o para cÃ¡ estÃ¡ doente +
2022-07-30 22:06:43+00:00,1553502375729680386,"@JotaBarbosa13 @eyeofperegrine @Boscardin Eu sou e votarei em Ciro Gomes.ğŸ‘ŠğŸ»â¤ï¸ 

Vc nÃ£o Ã© mais e tudo bem, mas ""(...) Nessa babaÃ§Ã£o de derrotar Bozo de qualquer forma, vocÃªs nÃ£o estÃ£o nem vendo o que estÃ£o criando..."" (@RaphaelVarjao )

Boa sorte. â˜ºï¸",Ciro Gomes,"   eu sou e votarei em ciro gomes.ğŸ‘ŠğŸ»â¤ï¸ vc nÃ£o Ã© mais e tudo bem, mas ""(...) nessa babaÃ§Ã£o de derrotar bozo de qualquer forma, vocÃªs nÃ£o estÃ£o nem vendo o que estÃ£o criando..."" ( )boa sorte. â˜ºï¸"
2022-07-30 22:06:12+00:00,1553502244087255041,"SÃ³ @cirogomes irÃ¡ enfrentar a turma da mamatinha!!
#CiroUnicaVia https://t.co/vCSrWRS45I",Ciro Gomes,sÃ³  irÃ¡ enfrentar a turma da mamatinha!! 
2022-07-30 22:06:12+00:00,1553502244036923393,"Ciro Gomes diz que â€œnÃ£o hÃ¡ caminhoâ€ para apoiar Lula no segundo turno contra Bolsonaro

https://t.co/iXS2IV55Jz",Ciro Gomes,ciro gomes diz que â€œnÃ£o hÃ¡ caminhoâ€ para apoiar lula no segundo turno contra bolsonaro
2022-07-30 22:06:11+00:00,1553502242539446275,@cirogomes Sardinha estÃ¡ bÃªbado jÃ¡. Em um paÃ­s sÃ©rio nÃ£o ganha nem para vereador.,Ciro Gomes, sardinha estÃ¡ bÃªbado jÃ¡. em um paÃ­s sÃ©rio nÃ£o ganha nem para vereador.
2022-07-30 22:06:03+00:00,1553502207483453440,@cirogomes Pois Ã© presidente,Ciro Gomes, pois Ã© presidente
2022-07-30 22:05:54+00:00,1553502170649165826,@cleitondx8 @SalaLolita @cirogomes AÃ­ em SJC tem a gloriosa @thabataganga,Ciro Gomes,   aÃ­ em sjc tem a gloriosa 
2022-07-30 22:05:50+00:00,1553502153997750272,@cirogomes As mesmas palavras de Bolsonaro,Ciro Gomes, as mesmas palavras de bolsonaro
2022-07-30 22:05:49+00:00,1553502149191127040,@cirogomes JÃ¡ viu a sua toalha coronÃ©?! https://t.co/dQhe96UEXC,Ciro Gomes, jÃ¡ viu a sua toalha coronÃ©?! 
2022-07-30 22:05:29+00:00,1553502064549969923,"@ReisSpano @benardes74 @Alfenoide @cirogomes EntÃ£o vc concorda que o Fracassiro Ã© machista, mesmo, nÃ© flor? ğŸ¥€ https://t.co/VisG0bMw2d",Ciro Gomes,"    entÃ£o vc concorda que o fracassiro Ã© machista, mesmo, nÃ© flor? ğŸ¥€ "
2022-07-30 22:05:26+00:00,1553502051224649734,"@LCNCLuizClaudio @cirogomes Prezado @LCNCLuizClaudio 

Presumo que vocÃª nÃ£o entendeu que 

Ir para Paris = romper com o PT

@cirogomes  nÃ£o Ã© @LulaOficial . 
Ciro Ã© Ciro e Lula Ã© Lula. 

A propÃ³sito, quem foi o culpado de Bolsonaro ter 57 milhÃµes de votos no 2Âº turno? Dica: ComeÃ§a com P e termina com T.",Ciro Gomes,"  prezado  presumo que vocÃª nÃ£o entendeu que ir para paris = romper com o pt  nÃ£o Ã©  . ciro Ã© ciro e lula Ã© lula. a propÃ³sito, quem foi o culpado de bolsonaro ter 57 milhÃµes de votos no 2Âº turno? dica: comeÃ§a com p e termina com t."
2022-07-30 22:05:13+00:00,1553501997613162499,"@tonvieira87 @cirogomes Votaria por*@ nenhuma. Em 2018 quando sÃ³ o Ciro ganhava do bolsonaro os petistas defendiam o voto ideolÃ³gico arduamente, quando saiu uma pesquisa onde o poste pela margem de erro encostava, no mesmo instante defenderam voto Ãºtil.

Pode mentir, sabemos quem vocÃªs sÃ£o.",Ciro Gomes,"  votaria por*@ nenhuma. em 2018 quando sÃ³ o ciro ganhava do bolsonaro os petistas defendiam o voto ideolÃ³gico arduamente, quando saiu uma pesquisa onde o poste pela margem de erro encostava, no mesmo instante defenderam voto Ãºtil.pode mentir, sabemos quem vocÃªs sÃ£o."
2022-07-30 22:05:13+00:00,1553501996510068744,Saiu a sua toalha coronÃ© sirugomi @cirogomes https://t.co/UoySviRsrq,Ciro Gomes,saiu a sua toalha coronÃ© sirugomi  
2022-07-30 22:05:03+00:00,1553501953702895617,"@LeonardoBoff @cirogomes Na verdade, muita gente custa a aceitar que semianalfabetos continuem entrando para a polÃ­tica, pois, apesar de o cerne da polÃ­tica ser a representatividade popular, os cargos exigem estudo e capacitaÃ§Ã£o para realmente resolver os problemas do paÃ­s, em vez de focar em esmolas.",Ciro Gomes,"  na verdade, muita gente custa a aceitar que semianalfabetos continuem entrando para a polÃ­tica, pois, apesar de o cerne da polÃ­tica ser a representatividade popular, os cargos exigem estudo e capacitaÃ§Ã£o para realmente resolver os problemas do paÃ­s, em vez de focar em esmolas."
2022-07-30 22:04:55+00:00,1553501921452892161,@revistaoeste @cirogomes Ja marcou a passagem para paris?,Ciro Gomes,  ja marcou a passagem para paris?
2022-07-30 22:04:52+00:00,1553501910845497346,"@opovo ğŸ˜‚ğŸ˜‚ğŸ˜‚ğŸ˜‚ğŸ˜‚ TÃ¡ sei kkkkkkkkkkkk

Ã‰ @cirogomes  Presidente e @robertoclaudio  Governador.",Ciro Gomes, ğŸ˜‚ğŸ˜‚ğŸ˜‚ğŸ˜‚ğŸ˜‚ tÃ¡ sei kkkkkkkkkkkkÃ©   presidente e   governador.
