Data_Hora,IdTweet,Tweet,Candidato
2022-07-30 23:19:38+00:00,1553520723708334081,@gleisi @LulaOficial @CamiloSantanaCE @elmanofreitaspt Muito mas muito mal editada atÃ©  uma crianÃ§a  consegue ver...vocÃªs  nÃ£o  engansm mais ninguÃ©mmmmmmmmmmm,Lula
2022-07-30 23:19:37+00:00,1553520720952582151,"@sbasilio28 @guispfreitas @jfernandaBrasil @LeoHidSouza @AndreJanonesAdv @LulaOficial @CaboDaciolo @davidmirandario @gisellebezerra âœ¨ nÃ£o tem que ter segundo turno âœ¨
NÃ£o Ã© sobre ganhar ou perder no segundo turno, Ã© sobre GOLPE",Lula
2022-07-30 23:19:37+00:00,1553520720939974656,"ğŸ—£ğŸ¤ğŸ¼ğŸµğŸ¥Lula ladrÃ£o seu lugar Ã© na prisÃ£oğŸ¶ğŸµğŸª•ğŸ¶ğŸ¸
#capitaodopovo 
#CapitaoDoPovoQueVaiVencerDenovo https://t.co/EU1gk09cSn",Lula
2022-07-30 23:19:37+00:00,1553520718675050497,@LulaOficial https://t.co/baFbe7aolm,Lula
2022-07-30 23:19:36+00:00,1553520718431895553,@geraldoalckmin @LulaOficial @PSBNacional40 @ptbrasil @csiqueirapsb Querem voltar os dois para a cena do crime ğŸ¤¦ğŸ»â€â™‚ï¸ https://t.co/iIAdqSPFiX,Lula
2022-07-30 23:19:36+00:00,1553520718113128448,@LulaOficial @ricardostuckert https://t.co/6VkNQ20wfN,Lula
2022-07-30 23:19:36+00:00,1553520717785866241,@LulaOficial @dilmabr https://t.co/SwdEiZjbpN,Lula
2022-07-30 23:19:36+00:00,1553520717735550977,@LulaOficial O #capitaodopovo https://t.co/vYUoq3jg9u,Lula
2022-07-30 23:19:36+00:00,1553520717077139458,@LulaOficial Lula ladrao voto pra vocÃª nunca mais o Brasil e bolsonaro,Lula
2022-07-30 23:19:34+00:00,1553520709812584449,@LulaOficial Devia estar sofrendo na cadeia,Lula
2022-07-30 23:19:34+00:00,1553520707828686849,"cara sinceramente lula nÃ£o devia ser candidato
nÃ£o porque ele Ã© corrupto mas sim porque o cara Ã© candidato a presidente do paÃ­s desde 1989 
33 ANOS porra jÃ¡ chega",Lula
2022-07-30 23:19:34+00:00,1553520706800984064,"@renancalheiros @LulaOficial Kkkkkk picareta mor, golpista, jogou o Brasil na crise... agora fica aÃ­ pagando de democrata progressista... pqp viu",Lula
2022-07-30 23:19:33+00:00,1553520704670367745,@senadorhumberto O choro Ã© livre!!! E @LulaOficial irÃ¡ ao encontro do eleitor quando? ğŸ˜‚ğŸ˜‚ğŸªğŸªğŸª,Lula
2022-07-30 23:19:33+00:00,1553520702275321861,@LulaOficial Iniciou bem e terminou mal. Bolsonaro= a democracia e Lula=a corrupÃ§Ã£o e autoritarismo,Lula
2022-07-30 23:19:32+00:00,1553520697951096833,@CNNBrasil Cnn transmite dake news prÃ³ Lula,Lula
2022-07-30 23:19:31+00:00,1553520696617320453,@LulaOficial @ricardostuckert Venezuela?ğŸ¤”,Lula
2022-07-30 23:19:31+00:00,1553520696428478465,"@LulaOficial @elmanofreitaspt @CamiloSantanaCE @ricardostuckert E o PrÃ©-candidato @LulaOficial vai RECONSTRUIR tudo que destruÃ­ram. 
#LulaEoPTReconstruirOBrasil 
#SouLula https://t.co/X6WnKiZKN7",Lula
2022-07-30 23:19:31+00:00,1553520696428470272,@ThiagoResiste @LulaOficial @ricardostuckert https://t.co/bfRwc1VAHA,Lula
2022-07-30 23:19:31+00:00,1553520696420188163,@LulaOficial @ItaloArruda,Lula
2022-07-30 23:19:31+00:00,1553520695484846082,@jairmearrependi @LulaOficial â­ï¸,Lula
2022-07-30 23:19:31+00:00,1553520694708822026,"@ThiagoResiste @LulaOficial @ricardostuckert Os vagabundos,ladrÃµes e marginais, esses estÃ£o com vcs. 3 podem ficar com eles.",Lula
2022-07-30 23:19:30+00:00,1553520692401946626,@augustodeAB Ele Ajudou lula nÃ©? Deve tÃ¡ queimando.,Lula
2022-07-30 23:19:30+00:00,1553520692070678529,"@LulaOficial NAO conte comigo, NÃ£o sei nem quem Ã© vocÃª na fila do pÃ£o.ok?",Lula
2022-07-30 23:19:30+00:00,1553520691131072512,@LulaOficial @LulaOficial Parque do Povo,Lula
2022-07-30 23:19:30+00:00,1553520690095132672,@moura_101 @moura_101  e o Moro que sairÃ¡ no mesmo Santinho do Lula ?,Lula
2022-07-30 23:19:29+00:00,1553520686513197057,@ptbrasil @LulaOficial Deus nos livre ....se ele pretende fazer 40 em 4 nÃ£o vai sobra nada nesse paÃ­s pra ser roubado.....kkkkkkkkkk,Lula
2022-07-30 23:19:28+00:00,1553520682499293184,"@LulaOficial Uma vergonha de presidente esse pÃ¡ria mundial, JAIL BOLSORATO",Lula
2022-07-30 23:19:27+00:00,1553520679512932360,@renancalheiros @LulaOficial Vagabundos,Lula
2022-07-30 23:19:27+00:00,1553520677558304770,@RomersonCruz @amandacostapi O Lula terÃ¡ o apoio dele!,Lula
2022-07-30 23:19:26+00:00,1553520675968745474,@Rosamoura05Rosa @LulaOficial Tinha que ter lei para colocar apoiadores de ladrao na cadeiaaaaaaaa,Lula
2022-07-30 23:19:26+00:00,1553520674693595141,@LulaOficial Quando vem a SÃ£o LuÃ­s ?!,Lula
2022-07-30 23:19:26+00:00,1553520673770938368,@LulaOficial @elmanofreitaspt @CamiloSantanaCE @ricardostuckert https://t.co/xPAiWZ2XEW,Lula
2022-07-30 23:19:26+00:00,1553520673548550145,"@GilvaniaTavar10 @gleisi @LulaOficial @CamiloSantanaCE @elmanofreitaspt O evento foi no centro de eventos de Fortaleza, que Ã© fechado, sua jumenta...",Lula
2022-07-30 23:19:26+00:00,1553520673473052672,@marcofeliciano Agora eu voto no Lula com forÃ§a ğŸ“¢,Lula
2022-07-30 23:19:26+00:00,1553520673133395969,@LulaOficial https://t.co/aYexKOQK8B,Lula
2022-07-30 23:19:25+00:00,1553520668980944897,"Tremendo comicio em Fortaleza. Uma multidÃ£o por Lula, @LulaOficial, e Elmano Freitas, @elmanofreitaspt. No estado de Ciro Gomes, uma resposta Ã  altura de suas diatribes contra o PT e mais um tranco em Jair Bolsonaro. Outro passo adiante na caminhada da vitÃ³ria. https://t.co/7w2UNMDSCl",Lula
2022-07-30 23:19:25+00:00,1553520668528066561,@ThiagoResiste Ã‰ Lula Presidente,Lula
2022-07-30 23:19:24+00:00,1553520666976165888,@folkalwyn13 @LulaOficial @CamiloSantanaCE @elmanofreitaspt @ricardostuckert Ele foi juldado e preso Jumento?,Lula
2022-07-30 23:19:23+00:00,1553520662022684672,"Pegue o AuxÃ­lio Brasil do Bolsonaro, feito apenas na reta final do seu mandato, mas em 2 de outubro vote em Lula para ter de volta o Bolsa FamÃ­lia e outros programas reais de distribuiÃ§Ã£o de renda, geraÃ§Ã£o de empregos e reduÃ§Ã£o das desigualdades.
#LulaEoPTReconstruirOBrasil https://t.co/iLdlimrymR",Lula
2022-07-30 23:19:23+00:00,1553520661460668417,@tabataamaralsp Tabaca tem que apoiar Lula,Lula
2022-07-30 23:19:22+00:00,1553520658524545026,@ThiagoResiste @LulaOficial @ricardostuckert https://t.co/aKd6NWYbYT,Lula
2022-07-30 23:19:21+00:00,1553520653017440257,@LulaOficial @elmanofreitaspt @CamiloSantanaCE @ricardostuckert Mostra vÃ­deo luladrÃ£o. NÃ£o tem apoio nenhum nÃ© ? Tem qyebudar foto fake,Lula
2022-07-30 23:19:21+00:00,1553520652107350016,"Data folha divulga nova pesquisa de intenÃ§Ã£o de votos.
57% Lula ğŸ™
42% Bolsonaro ğŸ‡§ğŸ‡·
11% Ciro Gomes ğŸŸ
8% Simone Tebet ğŸ¤®
6% Marina Silva ğŸ¦–
14% Brancos / nulos âšªï¸
12% Indecisos â“ï¸â—ï¸

A pesquisa entrevistou 1313 pessoas entre os dias 30 de fev. e 01 de abr.",Lula
2022-07-30 23:19:20+00:00,1553520651356471299,@DeputadoFederal @LulaOficial Vdd,Lula
2022-07-30 23:19:20+00:00,1553520649565573121,"Chocada na feira Benedito Calixto (SÃ£o Paulo) hj, onde vai povo descolado. 
O tio da 1a. barraca ficou brabo que eu panfletava pra Lula-Boulos. Subiu o tom, ficou roxo e berrou ""COMUNISTA!""
(Meu deleite ğŸ™‚) 
SÃ³ deixando alerta aqui pra quem nÃ£o compra de bolsonarista ğŸ™‹ğŸ»â€â™€ï¸
#SouLula",Lula
2022-07-30 23:19:20+00:00,1553520648810528768,@LulaOficial Medo do povo. Disse td ğŸ‘ğŸ»ğŸ‘ğŸ»ğŸ‘ğŸ»ğŸ‘ğŸ»ğŸ‘ğŸ»,Lula
2022-07-30 23:19:20+00:00,1553520648475086852,@ptbrasil @LulaOficial https://t.co/jaknFC3m5s,Lula
2022-07-30 23:19:19+00:00,1553520646595952644,@CamiloSantanaCE @ricardostuckert @LulaOficial @elmanofreitaspt #luladraoteulugarnaprisao,Lula
2022-07-30 23:19:18+00:00,1553520642678525958,@LulaOficial @elmanofreitaspt @CamiloSantanaCE @ricardostuckert LuladrÃ£o,Lula
2022-07-30 23:19:18+00:00,1553520639520264192,@LulaOficial @dilmabr AlÃ©m de mentiroso Ã© ladrÃ£o!,Lula
2022-07-30 23:19:16+00:00,1553520634390630400,@ThiagoResiste @LulaOficial @ricardostuckert https://t.co/BOi1rguctq,Lula
2022-07-30 23:19:39+00:00,1553520730356187136,@PauloMartins10 @jairbolsonaro @ratinho_jr Esse ratinho sei nÃ£o.....ainda bem q aqui Ã© TarcÃ­sio ğŸ™,Bolsonaro
2022-07-30 23:19:39+00:00,1553520727608918016,@ZilaHelena @MarcioM61326104 @adinaelsilva @Alexandre30k @ManesAlexandre @Nuu0204 @Valdirene4971 @EdneiaScanto @Melkpsobrinho @BergMartins14 @CameloJubeni @alvesmimar3 @vanice_a @nefertiti2022 @BetoBrasilRJ @RE_BOLSONARO @ZilBrasil1 ğŸ˜²,Bolsonaro
2022-07-30 23:19:37+00:00,1553520720751333377,"â€œMeu amigo tem pau grande. E o sabor Ã© excelente!!!â€//Eduardo Bolsonaro pede que amigos me processem pra defender o pau pequeno dele"", diz PatrÃ­cia LÃ©lis https://t.co/snlZpRjCJu via",Bolsonaro
2022-07-30 23:19:36+00:00,1553520717077139458,@LulaOficial Lula ladrao voto pra vocÃª nunca mais o Brasil e bolsonaro,Bolsonaro
2022-07-30 23:19:35+00:00,1553520713247723521,@VEJA TRAGÃ‰DIA Ã‰ NESTE MOMENTO AINDA TER ESTE VERME FASCISTA BOLSONARO OCUPANDO A CADEIRA DE PRESIDENTE DA REPÃšBLICA.,Bolsonaro
2022-07-30 23:19:33+00:00,1553520705106477058,@OGloboPolitica Presidente Bolsonaro Reeleito no primeiro turno ğŸ‡§ğŸ‡· ğŸ‡§ğŸ‡· https://t.co/Q0N2DVlPZt,Bolsonaro
2022-07-30 23:19:33+00:00,1553520702275321861,@LulaOficial Iniciou bem e terminou mal. Bolsonaro= a democracia e Lula=a corrupÃ§Ã£o e autoritarismo,Bolsonaro
2022-07-30 23:19:30+00:00,1553520690220892160,"Eu acredito no que eu vejo e nÃ£o maquilo que dizem.
LÃ­ngua foi feita para falar, mas elas nÃ£o garantem REALIZAÃ‡Ã•ES.
@tarcisiogdf vai REALIZAR tambÃ©m e muito por SP e a sua competÃªncia estÃ¡ mais do que provada como um Super Ministro de @jairbolsonaro ğŸ˜ƒğŸ‘",Bolsonaro
2022-07-30 23:19:29+00:00,1553520689155645442,@DioneCordeiro5 @thaispsic O golpe segue a caminho pois Bolsonaro sabe que serÃ¡ derrotado nas urnas.,Bolsonaro
2022-07-30 23:19:29+00:00,1553520685380689920,@rosangelamorosp A senhora n Ã© contra o Bolsonaro? EntÃ£o a senhora estÃ¡ com o Bolsonaro?,Bolsonaro
2022-07-30 23:19:28+00:00,1553520681941336064,@mtochav @jloreto10 @jairbolsonaro @Biakicis @MarcelaMarao @Elainnefaria1 @LidiaSilvestr11 agradeÃ§o,Bolsonaro
2022-07-30 23:19:28+00:00,1553520681555566593,"NinguÃ©m sabe o que vai passar, mas 80% do eleitorado jÃ¡ decidiu; entÃ£o Tebet tem muito pouco espaÃ§o pra crescer, menos credibilidade de atrair os votos de Bolsonaro depois de apoiar ele em 2018 e o golpe de 2016. https://t.co/7U8Bd0mc0c",Bolsonaro
2022-07-30 23:19:26+00:00,1553520676643999744,Bolsonaro diz que ForÃ§as Armadas participarÃ£o de ato prÃ³-governo no 7 deÂ Setembro https://t.co/3rTmxJZRed,Bolsonaro
2022-07-30 23:19:26+00:00,1553520672600637440,@marcofeliciano @jairbolsonaro PASTOR MENTIROSO https://t.co/Ms2RXq9Ef7,Bolsonaro
2022-07-30 23:19:25+00:00,1553520670767828992,@CarlaZambelli38 @jairbolsonaro @tarcisiogdf Grande coisa,Bolsonaro
2022-07-30 23:19:25+00:00,1553520668980944897,"Tremendo comicio em Fortaleza. Uma multidÃ£o por Lula, @LulaOficial, e Elmano Freitas, @elmanofreitaspt. No estado de Ciro Gomes, uma resposta Ã  altura de suas diatribes contra o PT e mais um tranco em Jair Bolsonaro. Outro passo adiante na caminhada da vitÃ³ria. https://t.co/7w2UNMDSCl",Bolsonaro
2022-07-30 23:19:24+00:00,1553520664950235138,"denÃºncia a tradutora de precure Ã© gays com bolsonaro

cc @_nishimari https://t.co/ZRY5X3LW6h",Bolsonaro
2022-07-30 23:19:23+00:00,1553520662022684672,"Pegue o AuxÃ­lio Brasil do Bolsonaro, feito apenas na reta final do seu mandato, mas em 2 de outubro vote em Lula para ter de volta o Bolsa FamÃ­lia e outros programas reais de distribuiÃ§Ã£o de renda, geraÃ§Ã£o de empregos e reduÃ§Ã£o das desigualdades.
#LulaEoPTReconstruirOBrasil https://t.co/iLdlimrymR",Bolsonaro
2022-07-30 23:19:23+00:00,1553520661745881088,"@wonkatrollador @lucas31534831 @luluxibr @rssangel007 @RafaelCMS15 @mariade57438723 @marcofeliciano 2Â° - Nem eu votei em quem Bolsonaro apoiou no RJ, o Crivella. Votei no Luiz Lima.",Bolsonaro
2022-07-30 23:19:22+00:00,1553520656133881858,@AugustoNPistola 22  BOLSONARO REELEITO,Bolsonaro
2022-07-30 23:19:21+00:00,1553520652937826304,@monark Bolsonaro â™¥ï¸,Bolsonaro
2022-07-30 23:19:21+00:00,1553520652107350016,"Data folha divulga nova pesquisa de intenÃ§Ã£o de votos.
57% Lula ğŸ™
42% Bolsonaro ğŸ‡§ğŸ‡·
11% Ciro Gomes ğŸŸ
8% Simone Tebet ğŸ¤®
6% Marina Silva ğŸ¦–
14% Brancos / nulos âšªï¸
12% Indecisos â“ï¸â—ï¸

A pesquisa entrevistou 1313 pessoas entre os dias 30 de fev. e 01 de abr.",Bolsonaro
2022-07-30 23:19:20+00:00,1553520649288679424,"@FlavioBolsonaro @jairbolsonaro https://t.co/e7Yl2PLIx8
MENTIROSO DA REPÃšBLICA",Bolsonaro
2022-07-30 23:19:18+00:00,1553520641919401986,@carmelonetobr @jairbolsonaro ğŸ‘ğŸ‘ğŸ‘ğŸ‘,Bolsonaro
2022-07-30 23:19:17+00:00,1553520638446522369,"Quando Bolsonaro for reeleito. 
ğŸ¤£ğŸ¤£ğŸ¤£ğŸ¤£ğŸ¤£ https://t.co/Y31xo9nIP0",Bolsonaro
2022-07-30 23:19:15+00:00,1553520628183044097,"@wonkatrollador @lucas31534831 @luluxibr @rssangel007 @RafaelCMS15 @mariade57438723 @marcofeliciano Sobre colocar um prefeito.
1Â° - Ele apoiou publicamente poucos prefeitos, teve ate um problema com o irmÃ£o do Carlos Jordy que se candidatou, pediu apoio do Bolsonaro e nÃ£o teve, perdeu a eleiÃ§Ã£o e fez queixas pela falta de apoio, mesmo o irmÃ£o sendo da base.",Bolsonaro
2022-07-30 23:19:15+00:00,1553520626509422593,@LulaOficial Assembleia dos rodoviÃ¡rios ontem em Recife. O sindicato Ã© do PSOL e apoia Lula. Na hora de colocar a faixa de fora BOLSONARO! Vejam a reaÃ§Ã£o! https://t.co/cHVsnfZ8cv,Bolsonaro
2022-07-30 23:19:14+00:00,1553520625540599811,"Trabalhador conhece o custo do seu suor, estÃ¡ fechado com @jairbolsonaro ğŸ‡§ğŸ‡·! NÃ£o se engane, sÃ³ vagabundo vota em ladrÃ£o. https://t.co/dbaqoEH2vj",Bolsonaro
2022-07-30 23:19:14+00:00,1553520625439866883,"@PatyNovaes2022 @PATRIOTABOLSON7 @zerorezende @alcidesdrummond @MajorVitorHugo @jairbolsonaro Eu nÃ£o tenho lado, simplesmente nÃ£o concordo com o seu candidato em nada,portanto voto com prazer em qualquer outro candidato,pra tirar esse genocida e louco do poder.",Bolsonaro
2022-07-30 23:19:14+00:00,1553520623934230528,Eu voto ğŸ—³ ğŸ—³ bolsonaro https://t.co/1znDiIrgll,Bolsonaro
2022-07-30 23:19:14+00:00,1553520622692716544,"Foi uma mulher, ser humano q Bolsonaro despreza,  q o gerou e pariu. Certamente, foi amorosa.
 Foi quem o limpou, alimentou e educou p ser gente de verdade.Errou. Teria feito melhor se o tivesse deixado na condiÃ§Ã£o de sangue menstrual, descartado num absorvente feminino, no lixo. https://t.co/qi1edML9U7",Bolsonaro
2022-07-30 23:19:13+00:00,1553520619194654723,"TambÃ©m com tantas obras terminadas pelo governo Bolsonaro, com auxÃ­lio aos mais necessitados, levou a Ã¡gua aos nordestino depois de 20 anos  e tem muito mais a fazer quando ele for reeleito o povo estÃ¡ voltando a ser feliz https://t.co/sFPQuhL3iU",Bolsonaro
2022-07-30 23:19:11+00:00,1553520610709471237,"Tomorrow in London ! a motorcycle parade. To protest against  the tyranny   of the Brazilian Supreme Court @STF_oficial , and in favor of the Pres; Bolsonaro. also against a coup to bring back the corrupt Lula to the presidency. 
#SundayMorning
#UFC277
#HungarianGP",Bolsonaro
2022-07-30 23:19:10+00:00,1553520608826236930,"@mloshine @marcofeliciano @jairbolsonaro Como se no mundo todo os valores do petrÃ³leo nÃ£o estivesse caindo. Parece que Ã© um feito sÃ³ no Brasil! Aqui no usa o galÃ£o ( quase 4 litros de gasolina) estÃ¡ saindo $4,09 dÃ³lares.",Bolsonaro
2022-07-30 23:19:08+00:00,1553520597304483840,Mano eu vi o bolsonaro hj kakakakakakkakak,Bolsonaro
2022-07-30 23:19:07+00:00,1553520594284576770,"No prÃ³ximo dia 7 de setembro de 2022, pela primeira vez, desde a fundaÃ§Ã£o de BrasÃ­lia, a comemoraÃ§Ã£o dos 200 anos da IndependÃªncia do Brasil serÃ¡ comemorada pelo Presidente da RepÃºblica, Jair Messias Bolsonaro, na Praia de Copacabana.
#Dia07VaiSerGIGANTE https://t.co/RTDaR6ubjO",Bolsonaro
2022-07-30 23:19:06+00:00,1553520588743999488,@Nuu0204 @MarcioM61326104 @adinaelsilva @Alexandre30k @ManesAlexandre @Valdirene4971 @EdneiaScanto @Melkpsobrinho @BergMartins14 @CameloJubeni @alvesmimar3 @vanice_a @nefertiti2022 @BetoBrasilRJ @RE_BOLSONARO ğŸ‘ŠğŸ‡§ğŸ‡·,Bolsonaro
2022-07-30 23:19:05+00:00,1553520587422810112,"@senadorhumberto @LulaOficial ğŸ‘‰ #Bolsonaro2022 
ğŸ‘‰ #BolsonaroReeleito2022 
ğŸ‘‰ #BolsonaroTemRazao 
ğŸ‘‰ @jairbolsonaro
ğŸ‘‰ @tarcisiogdf https://t.co/T8pAHUb9p6",Bolsonaro
2022-07-30 23:19:05+00:00,1553520585367584777,Eduardo Bolsonaro pode ser incluÃ­do em investigaÃ§Ãµes sobre invasÃ£o do CapitÃ³lio nos EUA https://t.co/4y2xZ4TCdZ,Bolsonaro
2022-07-30 23:19:04+00:00,1553520582603542530,"@LulaOficial A democracia vai vencer, pois Bolsonaro vai ganhar!
#BolsonaroReeleitoEm2022",Bolsonaro
2022-07-30 23:19:04+00:00,1553520581970214916,@marcofeliciano @jairbolsonaro PASTOR MENTIROSO https://t.co/Ri5Kognghn,Bolsonaro
2022-07-30 23:19:01+00:00,1553520568657448961,@Paulo_Afonso13 E Bolsonaro vendo o sol nascer quadrado...,Bolsonaro
2022-07-30 23:19:00+00:00,1553520565801164801,"@PATRlOTAS NÃ£o tem jeito Bolsonaro reeleito
#CapitaoDoPovoVaiVencerDeNovo",Bolsonaro
2022-07-30 23:19:00+00:00,1553520565792776192,"@tais_negrao @jairbolsonaro Ta zuando, nÃ©?",Bolsonaro
2022-07-30 23:19:00+00:00,1553520564110872576,@Fa1ryNight @brom_elisa @jairbolsonaro ğŸ˜ğŸ˜ğŸ˜ğŸ˜ğŸ˜ğŸ˜ğŸ˜ğŸ˜ğŸ˜,Bolsonaro
2022-07-30 23:18:58+00:00,1553520558289059841,Prefeito de Barro-Ce participa de convenÃ§Ã£o do PT e parece acabar com especulaÃ§Ã£o se apoiaria Bolsonaro https://t.co/4Zkd3k2iWM via @OKariri https://t.co/Z07UJR9822,Bolsonaro
2022-07-30 23:18:58+00:00,1553520557437624322,"BOOM! Brazilian President Jair Bolsonaro DESTROYS Leonardo DiCaprio for tweet about Amazon Rainforest: You want to change the whole world, but never yourselves! https://t.co/105B1TVEAc",Bolsonaro
2022-07-30 23:18:57+00:00,1553520551309754369,To mais perto da dilma e do temer do que do bolsonaro https://t.co/C2tZWEdB8A,Bolsonaro
2022-07-30 23:18:56+00:00,1553520548080123904,"@jairbolsonaro Assinada!
Estamos junto nosso capitÃ£o.",Bolsonaro
2022-07-30 23:18:56+00:00,1553520547480408070,Bolsonaro perdeu apoio! 31 de julho jÃ¡ era! https://t.co/jw47kps6DV via @YouTube,Bolsonaro
2022-07-30 23:18:54+00:00,1553520540987555845,@PauloMartins10 @jairbolsonaro @ratinho_jr ğŸ‘ğŸ‘ğŸ‘ğŸ‘ğŸ‘ğŸ‘ğŸ‘ğŸ‡§ğŸ‡·,Bolsonaro
2022-07-30 23:19:25+00:00,1553520668980944897,"Tremendo comicio em Fortaleza. Uma multidÃ£o por Lula, @LulaOficial, e Elmano Freitas, @elmanofreitaspt. No estado de Ciro Gomes, uma resposta Ã  altura de suas diatribes contra o PT e mais um tranco em Jair Bolsonaro. Outro passo adiante na caminhada da vitÃ³ria. https://t.co/7w2UNMDSCl",Ciro Gomes
2022-07-30 23:19:21+00:00,1553520652107350016,"Data folha divulga nova pesquisa de intenÃ§Ã£o de votos.
57% Lula ğŸ™
42% Bolsonaro ğŸ‡§ğŸ‡·
11% Ciro Gomes ğŸŸ
8% Simone Tebet ğŸ¤®
6% Marina Silva ğŸ¦–
14% Brancos / nulos âšªï¸
12% Indecisos â“ï¸â—ï¸

A pesquisa entrevistou 1313 pessoas entre os dias 30 de fev. e 01 de abr.",Ciro Gomes
2022-07-30 23:19:18+00:00,1553520641202069504,"@dadosantana77 @cirogomes Mais do que na hora de passar este bastÃ£o. O homem tem quase 80 anos e ta fazendo os conchavos mais absurdos. Ã‰ o maior estelionato eleitoral da HistÃ³ria. Precisamos sair dessas esquerda de guela, estÃ©tica e identitÃ¡ria. Pensar num projeto de paÃ­s. Isso que importa

#PrefiroCiro",Ciro Gomes
2022-07-30 23:19:04+00:00,1553520583421427712,"Depois da bandeirinha do PT, vi pela primeira vez em BelÃ©m um carro com adesivo de apoio ao candidato Ciro Gomes. Estava escrito ""na rebeldia da esperanÃ§a"".",Ciro Gomes
2022-07-30 23:18:36+00:00,1553520464311492610,@BlogdoNoblat @cirogomes arregou ?,Ciro Gomes
2022-07-30 23:18:34+00:00,1553520456913006593,@ProfJoaoAlvesJr Ã‰ @cirogomes ou NULO!!,Ciro Gomes
2022-07-30 23:17:57+00:00,1553520300004089856,"@assistomaz @Kli_Nev @FGuerreiroMEP @cirogomes Estamos juntos nessa entÃ£o, vamos tentar desarmar esse gatilho da polarizaÃ§Ã£o entre paixÃµes e Ã³dio.",Ciro Gomes
2022-07-30 23:17:55+00:00,1553520293154627585,@evenstarariel @cirogomes Se o povo estÃ¡ insatisfeito com imagina com estas raposas velhas que e ciro e Lula tudo um lixo igual Alkmin e moro Bivar janone,Ciro Gomes
2022-07-30 23:17:46+00:00,1553520253463937026,JÃ¡ saiu a toalha do Ciro Gomes hahaha https://t.co/4ko1N11xW8,Ciro Gomes
2022-07-30 23:17:31+00:00,1553520192399065088,@cirogomes MEIA DUZIA,Ciro Gomes
2022-07-30 23:17:11+00:00,1553520106633891840,@cirogomes Hahahhahahahahhahahahahahahhahahahahahhahahahahahahahahahahahahhahahahahahahahaha o ciro me ajuda vai,Ciro Gomes
2022-07-30 23:17:04+00:00,1553520077408030725,@Eu53122667 @cirogomes,Ciro Gomes
2022-07-30 23:17:04+00:00,1553520077009522689,"@parox40 @cirogomes Bah... na cara nÃ£o...
Magoa muito...",Ciro Gomes
2022-07-30 23:16:51+00:00,1553520026346524674,@Omardeideais Saiu o DataToalha com a intenÃ§Ã£o de voto do @cirogomes ! https://t.co/DfCFxAzK9e,Ciro Gomes
2022-07-30 23:16:43+00:00,1553519990237810688,@cirogomes Teria nÃ£o!ğŸ˜‚ğŸ˜‚ğŸ˜‚,Ciro Gomes
2022-07-30 23:16:36+00:00,1553519962915934208,@cirogomes ğŸ‘,Ciro Gomes
2022-07-30 23:16:26+00:00,1553519920494829568,@nave1964 @cirogomes Que vagsbundo,Ciro Gomes
2022-07-30 23:16:13+00:00,1553519864589217792,"@cirogomes CirÃ£o, cai pra direita velho, lÃ¡ Ã© teu lugar, vocÃª Ã© do bem, vai agregar e muito ao paÃ­s ğŸ‘ŠğŸ¾ğŸ’ªğŸ¾ğŸ˜ğŸ‡§ğŸ‡·ğŸ‡§ğŸ‡·ğŸ‡§ğŸ‡·ğŸ‡§ğŸ‡·ğŸ‡§ğŸ‡·ğŸ‡§ğŸ‡·ğŸ‡§ğŸ‡·ğŸ‡§ğŸ‡·ğŸ‡§ğŸ‡·",Ciro Gomes
2022-07-30 23:16:12+00:00,1553519860143083520,"@cirogomes Ã‰, realmente nÃ£o pode ser sÃ³ efeito do Ã¡lcool!!!",Ciro Gomes
2022-07-30 23:16:10+00:00,1553519853348306944,"@JulioCPereirajr @anfers1985 @psol50 @Haddad_Fernando @cirogomes @antonionetopdt @aldorebelo @elviscezar_ofc E que pode, ao fim de tudo, ser completamente infeliz

PorÃ©m

Correto",Ciro Gomes
2022-07-30 23:16:01+00:00,1553519815377256449,@gomyde @cirogomes Grande @cirogomes !! Ideias importantÃ­ssimas para o Brasil #prefirociro #cirorebeldiadaesperanÃ§a #ciroaunicavia #CiroPresidente,Ciro Gomes
2022-07-30 23:15:48+00:00,1553519759119065088,@CarlosLinhare @CiraoCarioca Ciro Gomes Ã© a melhor opÃ§Ã£o para o Brasil,Ciro Gomes
2022-07-30 23:15:43+00:00,1553519740085215232,@cirogomes LULA PRESIDENTE E HADDAD GOVERNADOR PELA GLÃ“RIA E HONRA DO NOSSO SENHOR JESUS CRISTO ğŸ™ğŸ™ğŸ™ğŸ™ğŸ™ğŸ™ğŸ™ğŸ™âœ¨ğŸ’«â­ğŸŒŸğŸ˜â¤ï¸,Ciro Gomes
2022-07-30 23:15:27+00:00,1553519670187139072,@JosPereira91 @cirogomes SerÃ¡? Kkkk,Ciro Gomes
2022-07-30 23:15:12+00:00,1553519607792771072,@AnaKurama12 Esse papo deles Ã© besta demais. Se eu quisesse que o Loola vencesse no primeiro ou segundo turno votaria nele e nÃ£o no Ciro. Acontece que eu quero o CIRO GOMES presidente!!! #CiroPresidente,Ciro Gomes
2022-07-30 23:15:01+00:00,1553519564763414528,"Nossa ÃšNICA VIA.
CIRO GOMES 12. https://t.co/NxYaNuEl0Q",Ciro Gomes
2022-07-30 23:14:55+00:00,1553519539589087236,@cirogomes @gomyde LULA PRESIDENTE E HADDAD GOVERNADOR PELA GLÃ“RIA E HONRA DO NOSSO SENHOR JESUS CRISTO ğŸ™ğŸ™ğŸ™ğŸ™ğŸ™ğŸ™ğŸ™ğŸ™âœ¨ğŸ’«â­ğŸŒŸğŸ˜â¤ï¸,Ciro Gomes
2022-07-30 23:14:44+00:00,1553519493699305473,"Anote em sua agenda de compromisso que nesta segunda-feira, temos um encontro de esperanÃ§a e de mudanÃ§a para o estado do Amazonas. 

 ğŸ“Œ Dia 1 de agosto (segunda-feira)

ğŸ“Rancho Sertanejo (Av. Prof. Nilton Lins, 219 - Bairro Flores) 

â° 17h 

@cirogomes @luizcastroam 

#pdt12 https://t.co/UGpkfYTrOM",Ciro Gomes
2022-07-30 23:14:43+00:00,1553519485826498560,"@evenstarariel @cirogomes Ele ataca todo mundo, essa Ã© a tÃ¡tica do Ã‡iro, porque nÃ£o tem imaginaÃ§Ã£o e nÃ£o deixou legado em 30 anos de polÃ­tica. Agora fica aÃ­ de mimimi.",Ciro Gomes
2022-07-30 23:14:14+00:00,1553519366964125696,@AkyllaFernanda @CiraoCarioca Ciro Gomes Ã© a melhor opÃ§Ã£o para o Brasil,Ciro Gomes
2022-07-30 23:13:44+00:00,1553519239650312192,@guilhermegauden @cirogomes Eleitores que quebraram essa barreira que querem no impÃ´s,Ciro Gomes
2022-07-30 23:13:32+00:00,1553519188043612167,"Cara foi longe demais dessa vez, por essa eu nÃ£o esperava kkkk @cirogomes gostou da homenagem ? #CiroPresidente https://t.co/AkzlVbe7uj",Ciro Gomes
2022-07-30 23:13:26+00:00,1553519164286976000,@cirogomes Kkkkkkkkkkkk..... SÃ³ pode vir de NÃ¡rnia uma cara que escreve isso afim de ganhar votos kkkkkk,Ciro Gomes
2022-07-30 23:13:21+00:00,1553519145605632001,@cirogomes Fala aÃ­ 6%!,Ciro Gomes
2022-07-30 23:13:17+00:00,1553519128337698822,"@vidatrotamundo @BabeneMarcos @EltonPsantos12 @cirogomes Amigo, isso Ã© relativo. As intenÃ§Ãµes de votos mudam diariamente, principalmente pÃ³s-debates. Nos debates indecisos escolhem seus candidatos. A Marina Silva em 2014, teve um reper histÃ³rico, conquistou o povo e quase chegou ao 2 turno.",Ciro Gomes
2022-07-30 23:12:59+00:00,1553519050667577346,@PazoAndre @Kli_Nev @FGuerreiroMEP @cirogomes FaÃ§o isso dia a dia. Meu dever como cidadÃ£o.,Ciro Gomes
2022-07-30 23:12:57+00:00,1553519042924888064,"@tricolor277 @evenstarariel @cirogomes Mano, lembro q era no Facebook, mas n lembro o nome pra te falar a vdd, e n sÃ£o sÃ³ verificados q falam do ğŸ¦‘, as pesquisas tbm falam",Ciro Gomes
2022-07-30 23:12:54+00:00,1553519029591195648,#CiroPresidente #CiroPresidente12 #CiroPresidente12 #cirogames #CiroGomes #Ciro #cironoavesso #PrefiroCiro https://t.co/OvXjEdMvuT,Ciro Gomes
2022-07-30 23:12:52+00:00,1553519020573335553,@cirogomes Kkkkkkkkkkkkkkkkkk https://t.co/nxTUugM1NY,Ciro Gomes
2022-07-30 23:12:44+00:00,1553518988113678342,@cirogomes TaÃ­!,Ciro Gomes
2022-07-30 23:12:39+00:00,1553518968564027398,@AndreJanonesAdv @cirogomes Que conversÃ£o seria essa? JÃ¡ vi alguns discursos seus e parece Ciro falando. NÃ£o entendi nada.,Ciro Gomes
2022-07-30 23:12:38+00:00,1553518964902346753,@AcoLyonel Vixi!!!! Chama o @cirogomes urgente!!!!,Ciro Gomes
2022-07-30 23:12:32+00:00,1553518936548933632,TEM UM COMERCIAL DO CIRO GOMES QUE Ã‰ MUITO FEIOKKKKKKKKKKKKKKKKKKKKKK QUE PORRA Ã‰ ESSA,Ciro Gomes
2022-07-30 23:12:30+00:00,1553518931620642817,"@MaraLuquet @LulaOficial @cirogomes Ciro tem muitos defeitos, mas nunca foi um criminoso, um ladrÃ£o, jÃ¡ Lula Ã© um gangster, que em um paÃ­s civilizado estaria apodrecendo na cadeia!!!",Ciro Gomes
2022-07-30 23:12:30+00:00,1553518929590583296,"Que alegria, que prazer enorme rever vocÃª hoje, meu caro amigo @cirogomes . Ainda mais na querida Belo Horizonte. Conte sempre comigo, meu presidente!!

#BrasilPraFrente #CiroPresidente #RebeldiadaEsperanÃ§a #PrefiroCiro https://t.co/ZvA5f2gljF",Ciro Gomes
2022-07-30 23:12:29+00:00,1553518927568949254,"@cirogomes @GloboNews Com licenÃ§a, essa toalha Ã© do senhor? https://t.co/4e9BgSxNrA",Ciro Gomes
2022-07-30 23:12:27+00:00,1553518918811230208,@vinisantosrj @AndreJanonesAdv @cirogomes SÃ³ respondo quando chegar aos dois dÃ­gitos.,Ciro Gomes
2022-07-30 23:12:11+00:00,1553518851165388801,@cirogomes Otimista heimmmğŸ˜‚ğŸ˜‚ğŸ˜‚ğŸ˜‚,Ciro Gomes
2022-07-30 23:12:10+00:00,1553518847705206791,@cirogomes Sai daÃ­ arenista! Traidor da esquerda a qual nunca pertenceu!,Ciro Gomes
2022-07-30 23:12:01+00:00,1553518806215151621,@gomyde @cirogomes LULA PRESIDENTE E HADDAD GOVERNADOR PELA GLÃ“RIA E HONRA DO NOSSO SENHOR JESUS CRISTO ğŸ™ğŸ™ğŸ™ğŸ™ğŸ™ğŸ™ğŸ™ğŸ™âœ¨ğŸ’«â­ğŸŒŸğŸ˜â¤ï¸,Ciro Gomes
2022-07-30 23:11:58+00:00,1553518796299804679,@AndreJanonesAdv @cirogomes Se vendeu por quantas toalhas?,Ciro Gomes
